CREATE TYPE TIPOAULA AS ENUM ('video', 'texto');

-- Tabela Aluno
CREATE TABLE Aluno (
    cpf             VARCHAR(14)     PRIMARY KEY,
    nome            VARCHAR(100)    NOT NULL,
    email           VARCHAR(100)    NOT NULL,
    senha           VARCHAR(100)    NOT NULL,
    data_nascimento DATE,
    plano           VARCHAR(50),
    forma_pagamento VARCHAR(50)
);

-- Tabela Professor
CREATE TABLE Professor (
    email           VARCHAR(100)    PRIMARY KEY,
    nome            VARCHAR(100)    NOT NULL,
    especializacao  VARCHAR(100)
);

-- Tabela Habilidade
CREATE TABLE Habilidade (
    id              INT             PRIMARY KEY,
    nome            VARCHAR(100),
    nivel           VARCHAR(50)
);

-- Tabela Curso
CREATE TABLE Curso (
    nome            VARCHAR(100)    PRIMARY KEY,
    descricao       TEXT,
    duracao         INT,
    nivel           VARCHAR(50),
    data_lancamento DATE,
    acesso          VARCHAR(50),
    categoria       VARCHAR(50)
);

--Tabela Habilidade_Curso
CREATE TABLE Habilidade_Curso (
    nome_curso     VARCHAR(100),
    id_habilidade  INT,

    PRIMARY KEY (nome_curso, id_habilidade),
    FOREIGN KEY (nome_curso)    REFERENCES Curso(nome),
    FOREIGN KEY (id_habilidade) REFERENCES Habilidade(id)
);

-- Tabela Aula
CREATE TABLE Aula (
    nome_curso         VARCHAR(100)    NOT NULL,
    nome                VARCHAR(100)    PRIMARY KEY,
    descricao           TEXT,
    duracao             INT,
    tipo                TIPOAULA,
    ordem_dentro_modulo INT,

    FOREIGN KEY (nome_curso)   REFERENCES Curso(nome)
);

-- Tabela de Relacionamento Assiste (Aluno-Aula)
CREATE TABLE Assiste (
    cpf_aluno       VARCHAR(14)     NOT NULL,
    nome_aula       VARCHAR(100)    NOT NULL,
    data_conclusao  DATE,

    PRIMARY KEY (cpf_aluno, nome_aula),
    FOREIGN KEY (cpf_aluno)   REFERENCES Aluno(cpf),
    FOREIGN KEY (nome_aula)   REFERENCES Aula(nome)
);

-- Tabela Empresa
CREATE TABLE Empresa (
    nome        VARCHAR(100)    PRIMARY KEY,
    localizacao VARCHAR(100),
    setor       VARCHAR(50),
    descricao   TEXT,
    porte       VARCHAR(50),
    sigla       VARCHAR(10)
);

-- Tabela Vaga
CREATE TABLE Vaga (
    id          INT         PRIMARY KEY,
    nome        VARCHAR(100),
    descricao   TEXT,
    empresa     VARCHAR(100),
    nivel       VARCHAR(50),
    modalidade  VARCHAR(50),
    salario     VARCHAR(50),
    tempo_aberta INT,
    prazo       DATE,

    FOREIGN KEY (empresa)   REFERENCES Empresa(nome)
);

-- Tabela de Relacionamento Estudam (Aluno-Curso)
CREATE TABLE Estuda (
    cpf_aluno       VARCHAR(14),
    nome_curso      VARCHAR(100),
    data_conclusao  DATE,
    nota            DECIMAL(5, 2),

    PRIMARY KEY (cpf_aluno, nome_curso),
    FOREIGN KEY (cpf_aluno)   REFERENCES Aluno(cpf),
    FOREIGN KEY (nome_curso)    REFERENCES Curso(nome)
);

-- Tabela de Relacionamento Ministram (Professor-Curso)
CREATE TABLE Ministra (
    email_professor VARCHAR(100),
    nome_curso      VARCHAR(100),

    PRIMARY KEY (email_professor, nome_curso),
    FOREIGN KEY (email_professor)   REFERENCES Professor(email),
    FOREIGN KEY (nome_curso)        REFERENCES Curso(nome)
);

-- Tabela de Relacionamento Se_inscreve (Aluno-Vaga)
CREATE TABLE Se_Inscreve (
    cpf_aluno   VARCHAR(14),
    id_vaga     INT,

    PRIMARY KEY (cpf_aluno, id_vaga),
    FOREIGN KEY (cpf_aluno)   REFERENCES Aluno(cpf),
    FOREIGN KEY (id_vaga)       REFERENCES Vaga(id)
);

--Tabela Habilidade_Vaga
CREATE TABLE Habilidade_Vaga (
    id_vaga        INT,
    id_habilidade  INT,

    PRIMARY KEY (id_vaga, id_habilidade),
    FOREIGN KEY (id_vaga)       REFERENCES Vaga(id),
    FOREIGN KEY (id_habilidade) REFERENCES Habilidade(id)
);

-- Inserindo dados na tabela Aluno
INSERT INTO Aluno (cpf, nome, email, senha, data_nascimento, plano, forma_pagamento) VALUES
('254.681.309-98', 'Anthony Cavalcante', 'anthony.cavalcante@gmail.com', '++l94HrM%T', '1990-10-18', 'Pago', 'Débito'),
('847.326.901-22', 'Kaique Lima', 'kaique.lima@gmail.com', '@p$NnGt(01', '1977-07-06', 'Pago', 'Débito'),
('083.457.291-50', 'Alexia Porto', 'alexia.porto@gmail.com', 'qwLfvvZ4_9', '1991-04-04', 'Grátis', 'Débito'),
('283.546.017-90', 'Nina Cavalcante', 'nina.cavalcante@gmail.com', '*PCew8WNo4', '1979-12-28', 'Grátis', 'Crédito'),
('705.368.241-26', 'Danilo Pires', 'danilo.pires@gmail.com', 'O)Tg9WKcY3', '1962-04-23', 'Grátis', 'Débito'),
('402.387.519-88', 'Bruno Martins', 'bruno.martins@gmail.com', 'cN+4MyjV7g', '1980-12-09', 'Pago', 'Crédito'),
('835.421.906-24', 'Catarina da Cruz', 'catarina.dacruz@gmail.com', 'p4mG7a8D*N', '1974-03-20', 'Grátis', 'Pix'),
('749.031.268-03', 'Benjamin Mendonça', 'benjamin.mendonca@gmail.com', '#DL(5V^j^J', '1963-02-01', 'Grátis', 'Débito'),
('410.276.958-76', 'Luísa Vargas', 'luisa.vargas@gmail.com', '@6XGbcun@5', '2007-06-05', 'Grátis', 'Débito'),
('093.176.524-25', 'Danilo da Luz', 'danilo.daluz@gmail.com', '%9X!KHHmw%', '1983-07-26', 'Pago', 'Pix'),
('438.627.950-47', 'Zoe Aparecida', 'zoe.aparecida@gmail.com', '__)ZpmDkP3', '1997-05-10', 'Pago', 'Pix'),
('310.892.746-96', 'João Teixeira', 'joao.teixeira@gmail.com', '^2pIv@S6Qv', '1964-02-11', 'Grátis', 'Pix'),
('810.697.254-20', 'Yuri da Paz', 'yuri.dapaz@gmail.com', '%5rIdib%v+', '1944-12-02', 'Grátis', 'Crédito'),
('984.236.107-13', 'Joana Farias', 'joana.farias@gmail.com', 'KcP8Ssbb*j', '1979-01-25', 'Grátis', 'Pix'),
('047.513.298-04', 'Breno Nascimento', 'breno.nascimento@gmail.com', '(_1Crqu59b', '2007-01-15', 'Grátis', 'Crédito'),
('190.674.382-78', 'Davi Lucas Ferreira', 'davilucas.ferreira@gmail.com', '&5Z0CVsMlf', '1983-02-26', 'Grátis', 'Crédito'),
('629.453.781-91', 'Maria Luiza Porto', 'marialuiza.porto@gmail.com', 's+5_CeIFCt', '1958-03-07', 'Pago', 'Crédito'),
('024.753.891-41', 'André Borges', 'andre.borges@gmail.com', '#+H2MC@t(A', '1945-05-20', 'Pago', 'Débito'),
('580.176.392-95', 'Antony Cunha', 'antony.cunha@gmail.com', 'jgYc5TQz2^', '1986-12-19', 'Pago', 'Crédito'),
('618.359.472-55', 'Levi Rezende', 'levi.rezende@gmail.com', 'DZS*9Dwgl&', '1963-02-11', 'Grátis', 'Débito'),
('842.701.639-50', 'Allana Almeida', 'allana.almeida@gmail.com', '(iDjk!cH61', '2005-12-28', 'Pago', 'Débito'),
('764.892.301-78', 'Ana Liz Sousa', 'analiz.sousa@gmail.com', '4^4D^aqaiQ', '1995-06-30', 'Pago', 'Débito'),
('361.709.254-34', 'Isabella Sá', 'isabella.sa@gmail.com', 'k5yHQVJV@#', '1953-04-21', 'Grátis', 'Débito'),
('418.256.093-06', 'Thomas Fernandes', 'thomas.fernandes@gmail.com', 'b_0((E1(Ej', '1983-11-15', 'Pago', 'Pix'),
('785.264.019-20', 'Maria Sophia Gomes', 'mariasophia.gomes@gmail.com', ')OT8x82Ql0', '1946-11-21', 'Pago', 'Débito'),
('561.278.904-11', 'Bella Moura', 'bella.moura@gmail.com', 'VUZ!H0TeYf', '1973-06-13', 'Grátis', 'Crédito'),
('583.970.216-12', 'Ana Sophia Pastor', 'anasophia.pastor@gmail.com', '(kL3p!%I2E', '1966-07-30', 'Grátis', 'Crédito'),
('730.528.146-80', 'Maria Liz Nunes', 'marializ.nunes@gmail.com', 'wa(2VZ^jMH', '1992-07-29', 'Grátis', 'Crédito'),
('249.013.567-80', 'Brayan Teixeira', 'brayan.teixeira@gmail.com', 'w+M7CE1b_S', '1945-01-21', 'Grátis', 'Pix'),
('284.135.079-79', 'Henry Cavalcanti', 'henry.cavalcanti@gmail.com', 'Dq6ZgEnF%B', '1980-08-30', 'Grátis', 'Débito'),
('417.835.620-80', 'Joana da Mata', 'joana.damata@gmail.com', '*SC8*LEoa1', '1948-04-21', 'Grátis', 'Pix'),
('108.692.345-60', 'Arthur Miguel Duarte', 'arthurmiguel.duarte@gmail.com', 'y8WW*uH8_1', '1962-05-12', 'Grátis', 'Pix'),
('610.753.948-48', 'Mariane da Cruz', 'mariane.dacruz@gmail.com', '%wQmoQvB0S', '1945-09-22', 'Grátis', 'Pix'),
('028.471.539-50', 'Luana Viana', 'luana.viana@gmail.com', 'E1Gk*mk3)0', '1989-05-18', 'Grátis', 'Pix'),
('514.728.630-62', 'Jade Pastor', 'jade.pastor@gmail.com', '&iSR1Ec(us', '1994-11-20', 'Pago', 'Crédito'),
('210.736.458-35', 'Esther Vasconcelos', 'esther.vasconcelos@gmail.com', 'VV6lOryQZ&', '1963-10-16', 'Pago', 'Débito'),
('374.260.815-08', 'Luiz Felipe Abreu', 'luizfelipe.abreu@gmail.com', 'Q6xZxR)3*e', '1964-01-08', 'Grátis', 'Crédito'),
('160.857.493-84', 'Ana Clara Machado', 'anaclara.machado@gmail.com', 'CIPi8IUpL)', '1977-03-09', 'Grátis', 'Pix'),
('746.950.238-65', 'Clara Mendonça', 'clara.mendonca@gmail.com', '7cc8xVor@o', '1983-10-07', 'Grátis', 'Débito'),
('429.017.385-32', 'Lucas Gabriel Cardoso', 'lucasgabriel.cardoso@gmail.com', '@#5TNFtqqm', '1979-07-17', 'Grátis', 'Débito'),
('387.014.965-57', 'Enrico Leão', 'enrico.leao@gmail.com', 'p#6KXsG6(5', '1982-05-21', 'Pago', 'Pix'),
('679.143.025-70', 'Ana Clara Marques', 'anaclara.marques@gmail.com', 'M#0G@qWa8J', '1964-12-06', 'Grátis', 'Crédito'),
('053.816.479-48', 'Renan Fogaça', 'renan.fogaca@gmail.com', '(#_TO1Nm(r', '1983-09-18', 'Grátis', 'Débito'),
('243.857.609-00', 'Maria Julia Jesus', 'mariajulia.jesus@gmail.com', '^&3aOiyiGG', '1990-02-25', 'Grátis', 'Pix'),
('208.176.594-20', 'Ana Julia Silva', 'anajulia.silva@gmail.com', 'p%7$@FEk#Z', '1965-05-08', 'Grátis', 'Débito'),
('786.240.315-08', 'Carolina Pimenta', 'carolina.pimenta@gmail.com', '$f6+NNapc5', '1945-10-17', 'Grátis', 'Crédito'),
('623.045.178-62', 'Mariana Fonseca', 'mariana.fonseca@gmail.com', '5f8gRTYYl(', '1995-10-25', 'Pago', 'Pix'),
('549.172.068-20', 'Raquel da Rocha', 'raquel.darocha@gmail.com', 'v19KRklx!A', '2005-04-06', 'Pago', 'Crédito'),
('853.162.097-02', 'José das Neves', 'jose.dasneves@gmail.com', ')S&MBLnk31', '1992-04-14', 'Pago', 'Pix'),
('701.493.256-06', 'Josué Vieira', 'josue.vieira@gmail.com', '@z!^KlcV_0', '1981-07-27', 'Pago', 'Pix'),
('951.430.786-01', 'Pedro Miguel Araújo', 'pedromiguel.araujo@gmail.com', 'S4NI+xkh_9', '1953-03-03', 'Pago', 'Crédito'),
('542.879.630-83', 'Laura da Costa', 'laura.dacosta@gmail.com', 'w(+2GwklRy', '1951-08-24', 'Grátis', 'Crédito'),
('837.169.504-75', 'Arthur Miguel Albuquerque', 'arthurmiguel.albuquerque@gmail.com', 'KR9a4rXmN)', '2005-03-01', 'Pago', 'Crédito'),
('287.543.690-29', 'Manuela Lima', 'manuela.lima@gmail.com', '$z7_BSby$P', '1985-09-20', 'Grátis', 'Débito'),
('781.563.094-48', 'Rodrigo da Mota', 'rodrigo.damota@gmail.com', '^5KcsICn2U', '1966-10-10', 'Pago', 'Crédito'),
('876.132.045-53', 'Luiz Miguel Brito', 'luizmiguel.brito@gmail.com', '^T8K6ijTXy', '1983-08-27', 'Pago', 'Débito'),
('932.684.107-31', 'Bianca Souza', 'bianca.souza@gmail.com', '4O7!1L5l+E', '2006-07-03', 'Grátis', 'Pix'),
('476.092.531-70', 'Hellena Rezende', 'hellena.rezende@gmail.com', 'q70M4bIj$@', '1955-04-04', 'Pago', 'Crédito'),
('085.214.697-30', 'Renan Souza', 'renan.souza@gmail.com', 'y19ZDVik$E', '1949-11-19', 'Pago', 'Crédito'),
('172.406.598-01', 'Murilo Pinto', 'murilo.pinto@gmail.com', 'K3740_Nru&', '1958-11-24', 'Grátis', 'Crédito'),
('081.692.435-05', 'Kamilly Borges', 'kamilly.borges@gmail.com', '*F9I+v%ONm', '1987-11-11', 'Grátis', 'Crédito'),
('089.217.564-85', 'Henry Vargas', 'henry.vargas@gmail.com', 'K%@7H_Aitm', '1945-08-13', 'Grátis', 'Pix'),
('439.082.561-51', 'Marcos Vinicius Ramos', 'marcosvinicius.ramos@gmail.com', 'HssY)9NpPt', '1990-02-04', 'Grátis', 'Pix'),
('807.643.529-38', 'Thiago Costa', 'thiago.costa@gmail.com', '!P8B@dZRtE', '1985-02-15', 'Pago', 'Crédito'),
('152.670.394-70', 'Beatriz Farias', 'beatriz.farias@gmail.com', '$x9IR#Nq)h', '1994-03-09', 'Grátis', 'Crédito'),
('846.715.903-01', 'Mariah Monteiro', 'mariah.monteiro@gmail.com', '&p*)tdWh6J', '1979-08-09', 'Pago', 'Pix'),
('028.759.314-23', 'Sophie Sousa', 'sophie.sousa@gmail.com', 'dWXnRjuQ(9', '1981-02-11', 'Pago', 'Débito'),
('973.562.014-61', 'Danilo Azevedo', 'danilo.azevedo@gmail.com', 'MkPKiWLS%8', '1999-08-18', 'Grátis', 'Crédito'),
('810.379.524-05', 'Jade Garcia', 'jade.garcia@gmail.com', '#lk8wFMaKA', '1972-12-25', 'Grátis', 'Débito'),
('795.623.408-56', 'Gael Garcia', 'gael.garcia@gmail.com', 'T%S4E#gylu', '1981-07-23', 'Grátis', 'Débito'),
('273.864.950-56', 'Maria Julia Fernandes', 'mariajulia.fernandes@gmail.com', 'jdz564Hk_n', '1964-03-16', 'Grátis', 'Pix'),
('624.309.785-47', 'Ravy Correia', 'ravy.correia@gmail.com', '$9wHJrBKdY', '1965-10-26', 'Grátis', 'Débito'),
('865.423.719-82', 'Maria Luiza Campos', 'marialuiza.campos@gmail.com', '3rEgnCKq^d', '1976-08-14', 'Pago', 'Pix'),
('715.286.934-00', 'Heitor Brito', 'heitor.brito@gmail.com', '^3mLFKUf(&', '1960-08-03', 'Grátis', 'Débito'),
('389.726.405-65', 'Cecilia Costa', 'cecilia.costa@gmail.com', '&u1N#ggiSK', '2000-02-05', 'Pago', 'Pix'),
('304.952.718-88', 'Josué Caldeira', 'josue.caldeira@gmail.com', '#Q6ZIy+tAV', '1966-03-02', 'Pago', 'Pix'),
('820.946.731-03', 'Enrico Vargas', 'enrico.vargas@gmail.com', '_gI450Yli7', '1984-01-21', 'Grátis', 'Débito'),
('512.406.873-62', 'Bruna da Cunha', 'bruna.dacunha@gmail.com', ')gY6bAYe3p', '1992-12-17', 'Grátis', 'Pix'),
('134.728.960-78', 'Thomas Camargo', 'thomas.camargo@gmail.com', '^ibWD_k5R3', '1975-02-02', 'Grátis', 'Débito'),
('392.571.064-70', 'Ravi Siqueira', 'ravi.siqueira@gmail.com', 'h!O4jnPg+J', '1973-03-19', 'Grátis', 'Débito'),
('637.109.524-25', 'Bruno Sales', 'bruno.sales@gmail.com', 'Z)0zIx3t^_', '1985-05-31', 'Grátis', 'Débito'),
('803.491.572-60', 'Emanuelly Aragão', 'emanuelly.aragao@gmail.com', '%s4kVak_D+', '1977-02-06', 'Grátis', 'Pix'),
('356.104.978-84', 'Dante Macedo', 'dante.macedo@gmail.com', 'Gd6kLCWp4&', '1949-12-06', 'Pago', 'Débito'),
('657.123.980-95', 'Liam Fonseca', 'liam.fonseca@gmail.com', 'j9v_06Yfxw', '1968-08-02', 'Grátis', 'Crédito'),
('410.567.398-00', 'Enzo Cunha', 'enzo.cunha@gmail.com', 'G(SP02kpSH', '1973-02-02', 'Grátis', 'Pix'),
('032.859.476-83', 'João Felipe Almeida', 'joaofelipe.almeida@gmail.com', '0a7%CcYC^m', '1983-08-04', 'Grátis', 'Débito'),
('489.620.317-87', 'Daniela Almeida', 'daniela.almeida@gmail.com', '!3s478Tm7q', '1951-08-22', 'Pago', 'Crédito'),
('879.316.250-21', 'Bruno Novaes', 'bruno.novaes@gmail.com', 'D&$gt8MEDl', '2006-06-11', 'Pago', 'Débito'),
('215.760.348-44', 'Marina Lima', 'marina.lima@gmail.com', '+YAQPr_z8m', '1963-03-20', 'Grátis', 'Crédito'),
('169.047.852-76', 'Gabriel da Costa', 'gabriel.dacosta@gmail.com', ')3W7$rb9E2', '1955-01-11', 'Grátis', 'Débito'),
('362.597.148-82', 'Gustavo Melo', 'gustavo.melo@gmail.com', '@2Qi4Kpnc_', '1994-08-15', 'Pago', 'Débito'),
('547.389.601-48', 'Henry Câmara', 'henry.camara@gmail.com', '$)uLa@cDb5', '1983-02-03', 'Grátis', 'Débito'),
('350.618.947-66', 'João Guilherme Souza', 'joaoguilherme.souza@gmail.com', '!K+nT%W6m9', '1951-02-08', 'Pago', 'Pix'),
('472.510.389-60', 'Sophia Gomes', 'sophia.gomes@gmail.com', '^A)Z6!Dnv3', '2001-01-21', 'Grátis', 'Débito'),
('043.597.861-66', 'Matteo Nogueira', 'matteo.nogueira@gmail.com', 'BMwB&2svH+', '1995-03-23', 'Pago', 'Débito'),
('638.057.491-39', 'Luiza Montenegro', 'luiza.montenegro@gmail.com', '$7#OPMHg_L', '1977-01-24', 'Grátis', 'Débito'),
('986.753.102-77', 'Ana Cecília Abreu', 'anacecilia.abreu@gmail.com', '@72NwNtU3n', '1974-11-19', 'Pago', 'Pix'),
('074.138.956-84', 'Caio Nascimento', 'caio.nascimento@gmail.com', '^9Ksb9EF(7', '1974-11-08', 'Grátis', 'Débito'),
('476.189.523-37', 'Alexia Pastor', 'alexia.pastor@gmail.com', '#XF(WeoeF3', '1982-01-20', 'Grátis', 'Pix'),
('518.063.497-01', 'Larissa Montenegro', 'larissa.montenegro@gmail.com', '!&6HWKs)Zw', '1998-07-08', 'Grátis', 'Débito'),
('964.130.825-42', 'Luan Moraes', 'luan.moraes@gmail.com', '@2vhJsiDkD', '2006-11-08', 'Grátis', 'Pix'),
('074.951.832-41', 'Lucas Gabriel Duarte', 'lucasgabriel.duarte@gmail.com', 'H1ZHq1yS*5', '1992-01-21', 'Pago', 'Pix'),
('081.427.639-31', 'Asafe Cavalcanti', 'asafe.cavalcanti@gmail.com', 'rH^_)asd!5', '1959-09-06', 'Pago', 'Pix'),
('397.451.260-80', 'Maria Helena Mendes', 'mariahelena.mendes@gmail.com', '_dZSr$NyZ4', '1965-11-27', 'Pago', 'Crédito'),
('625.387.194-37', 'Alana Brito', 'alana.brito@gmail.com', '&7IggH4Yq6', '1948-06-21', 'Pago', 'Crédito'),
('687.309.415-39', 'Kevin Araújo', 'kevin.araujo@gmail.com', '600LBJvgt_', '2001-03-03', 'Pago', 'Débito'),
('264.713.509-61', 'Isadora Novais', 'isadora.novais@gmail.com', '^63N58mm*I', '1998-12-25', 'Grátis', 'Débito'),
('645.782.910-49', 'Pietra Câmara', 'pietra.camara@gmail.com', 'Q@5THr!1Ep', '1998-09-14', 'Pago', 'Pix'),
('641.230.578-53', 'Mariah Lopes', 'mariah.lopes@gmail.com', '%0!BJZpl!B', '1974-12-13', 'Pago', 'Débito'),
('256.419.378-19', 'Ana Julia Sá', 'anajulia.sa@gmail.com', '!!8Mrj1uxm', '1960-02-02', 'Pago', 'Crédito'),
('893.104.762-22', 'Isis Martins', 'isis.martins@gmail.com', '#%JniL+36j', '2004-12-18', 'Pago', 'Pix'),
('571.293.048-04', 'Alana Correia', 'alana.correia@gmail.com', 'v!_5T&*fvL', '1967-10-31', 'Pago', 'Crédito'),
('681.495.072-30', 'Maria Moreira', 'maria.moreira@gmail.com', '_m!(EbwH7u', '1975-08-03', 'Grátis', 'Débito'),
('108.723.596-03', 'Breno Novaes', 'breno.novaes@gmail.com', 'a$6AJg%dEq', '1993-12-02', 'Grátis', 'Pix'),
('794.025.168-67', 'Carolina Cassiano', 'carolina.cassiano@gmail.com', 'EL5!OOAu&l', '1950-12-20', 'Grátis', 'Débito'),
('658.079.143-84', 'Ana Vitória Moraes', 'anavitoria.moraes@gmail.com', '%0NHfJdl6v', '1954-02-17', 'Pago', 'Débito'),
('532.041.869-89', 'Alícia Vargas', 'alicia.vargas@gmail.com', 'f%%8z%Idec', '1958-05-09', 'Pago', 'Crédito'),
('403.156.982-33', 'Zoe Cardoso', 'zoe.cardoso@gmail.com', '8X6EP7Fpm(', '1983-01-23', 'Grátis', 'Crédito'),
('621.758.430-17', 'Diego da Cruz', 'diego.dacruz@gmail.com', '%4dRcZlKVM', '1969-12-23', 'Grátis', 'Pix'),
('803.571.692-12', 'Bruna Guerra', 'bruna.guerra@gmail.com', 'We48RC^EO(', '1963-07-14', 'Pago', 'Pix'),
('238.619.407-87', 'Dante Marques', 'dante.marques@gmail.com', 'J$2BF)ql6_', '2005-06-11', 'Grátis', 'Crédito'),
('961.854.270-01', 'Maria Liz Brito', 'marializ.brito@gmail.com', '%FTz&2f*x5', '1992-12-11', 'Pago', 'Crédito'),
('406.389.275-10', 'Pietra Vasconcelos', 'pietra.vasconcelos@gmail.com', '6(RbHonx!v', '1956-07-21', 'Pago', 'Pix'),
('709.521.348-88', 'Ágatha Albuquerque', 'agatha.albuquerque@gmail.com', 'Y%XOu2MoYS', '1973-10-24', 'Grátis', 'Pix'),
('642.780.931-87', 'Anthony Vasconcelos', 'anthony.vasconcelos@gmail.com', '(4OUo4Kt_y', '1960-02-03', 'Pago', 'Pix'),
('236.540.978-47', 'Luiz Miguel Sá', 'luizmiguel.sa@gmail.com', 'KL$2IjZG*)', '1953-09-19', 'Pago', 'Crédito'),
('746.509.831-93', 'Anthony Gabriel da Cruz', 'anthonygabriel.dacruz@gmail.com', '#Oh2MRFw6T', '1974-08-07', 'Pago', 'Crédito'),
('523.071.469-70', 'Enzo Gabriel Cavalcanti', 'enzogabriel.cavalcanti@gmail.com', ')IFwKsel%0', '1992-12-27', 'Grátis', 'Pix'),
('843.502.179-32', 'Heloísa Leão', 'heloisa.leao@gmail.com', 'dZKP*^hc%7', '1944-07-04', 'Pago', 'Crédito'),
('469.205.873-00', 'Lunna Aparecida', 'lunna.aparecida@gmail.com', 'M@JBL5Cq%0', '1968-08-01', 'Grátis', 'Crédito'),
('015.278.963-40', 'Maria Júlia Moraes', 'mariajulia.moraes@gmail.com', 'e0$Mv3U#@J', '2005-12-10', 'Pago', 'Débito'),
('530.928.671-30', 'Luiz Gustavo Carvalho', 'luizgustavo.carvalho@gmail.com', 'M^7TxN8A1Z', '1963-08-07', 'Grátis', 'Pix'),
('742.518.306-44', 'Maria Alice Borges', 'mariaalice.borges@gmail.com', '3)4kHzfvHz', '1994-10-12', 'Pago', 'Débito'),
('025.374.891-79', 'Liz Farias', 'liz.farias@gmail.com', '7h)L1PDp5y', '1990-06-01', 'Grátis', 'Crédito'),
('286.930.471-40', 'Larissa Fonseca', 'larissa.fonseca@gmail.com', '$F0MR#)i9C', '1977-09-27', 'Grátis', 'Pix'),
('805.417.239-79', 'Ana Beatriz Rezende', 'anabeatriz.rezende@gmail.com', '+)@8Rj9vrG', '1952-10-15', 'Grátis', 'Crédito'),
('502.376.498-29', 'Manuela Cavalcanti', 'manuela.cavalcanti@gmail.com', '19RfIzSp*2', '2005-11-10', 'Grátis', 'Débito'),
('471.056.928-20', 'Sarah Costa', 'sarah.costa@gmail.com', '*6in*eSu^H', '1972-05-17', 'Grátis', 'Pix'),
('437.826.509-56', 'Alexandre Rezende', 'alexandre.rezende@gmail.com', 'RPcBNjlz^7', '1991-12-13', 'Pago', 'Pix'),
('513.729.486-19', 'Davi das Neves', 'davi.dasneves@gmail.com', '0R5s2Isy_s', '1951-12-28', 'Grátis', 'Débito'),
('305.724.698-29', 'André Oliveira', 'andre.oliveira@gmail.com', 'w61oDHPX)w', '1966-07-11', 'Pago', 'Crédito'),
('624.597.380-56', 'Mateus Pinto', 'mateus.pinto@gmail.com', 'CR^EU6Bv07', '1966-01-01', 'Pago', 'Débito'),
('602.794.381-50', 'João Pedro da Conceição', 'joaopedro.daconceicao@gmail.com', '(@87Txrw+U', '1952-04-15', 'Grátis', 'Crédito'),
('246.195.780-02', 'Davi Miguel Ferreira', 'davimiguel.ferreira@gmail.com', '(*(9Z9yOtK', '1963-07-08', 'Grátis', 'Débito'),
('789.023.465-10', 'Pietro Porto', 'pietro.porto@gmail.com', '^0PoFPocSD', '1991-10-25', 'Grátis', 'Débito'),
('217.964.038-22', 'Olivia Jesus', 'olivia.jesus@gmail.com', '&4qeEESq4_', '1944-11-06', 'Grátis', 'Crédito'),
('925.687.340-00', 'Otto Gonçalves', 'otto.goncalves@gmail.com', 'W9q3Jr^so)', '1991-09-01', 'Grátis', 'Pix'),
('013.754.692-07', 'Ana Lívia Brito', 'analivia.brito@gmail.com', '1T3GI7y0!b', '1982-09-07', 'Grátis', 'Crédito'),
('024.617.358-08', 'Aylla Moura', 'aylla.moura@gmail.com', '70saDI1w$X', '1960-11-22', 'Grátis', 'Crédito'),
('680.547.312-80', 'Ana Lívia Pacheco', 'analivia.pacheco@gmail.com', 'R$)52*Gk)9', '1988-09-05', 'Pago', 'Pix'),
('234.765.819-00', 'Antony Pacheco', 'antony.pacheco@gmail.com', 'cR@744Zg_&', '1964-04-23', 'Grátis', 'Débito'),
('641.803.792-87', 'Clarice Vargas', 'clarice.vargas@gmail.com', 'ks^9BzCSIu', '1987-08-31', 'Grátis', 'Pix'),
('471.385.902-88', 'Anna Liz Duarte', 'annaliz.duarte@gmail.com', ')8oGy^b4eb', '1983-04-03', 'Pago', 'Pix'),
('439.018.567-57', 'Davi Miguel Duarte', 'davimiguel.duarte@gmail.com', 'O7)(v^2c$c', '1995-07-28', 'Grátis', 'Débito'),
('406.528.137-71', 'Manuela Cassiano', 'manuela.cassiano@gmail.com', '#Q9WDXtX4y', '1960-02-02', 'Pago', 'Crédito'),
('520.476.893-92', 'Ana Laura Fernandes', 'analaura.fernandes@gmail.com', '8*AQM8Qt*^', '2003-06-30', 'Grátis', 'Débito'),
('670.358.419-20', 'Davi Luiz Brito', 'daviluiz.brito@gmail.com', '3kDfJ!xj$+', '1997-06-16', 'Pago', 'Pix'),
('894.527.013-23', 'Paulo Aparecida', 'paulo.aparecida@gmail.com', '%V6PH6rw*l', '1992-03-11', 'Grátis', 'Pix'),
('807.593.461-00', 'Lorenzo Peixoto', 'lorenzo.peixoto@gmail.com', '6M_9FZIwnB', '1992-09-10', 'Grátis', 'Pix'),
('537.042.896-47', 'Ágatha Cardoso', 'agatha.cardoso@gmail.com', '#x04IRuxvO', '1953-09-01', 'Grátis', 'Crédito'),
('341.975.280-60', 'Anthony Gabriel Castro', 'anthonygabriel.castro@gmail.com', 'S)Lao6xHrV', '1983-10-23', 'Pago', 'Pix'),
('908.341.572-41', 'Yan da Rocha', 'yan.darocha@gmail.com', 'Fe)4Bf$VXi', '1953-02-23', 'Pago', 'Débito'),
('497.813.625-37', 'Bianca Araújo', 'bianca.araujo@gmail.com', ')+6biVx#EV', '1985-09-12', 'Grátis', 'Pix'),
('527.394.601-80', 'Lucca Machado', 'lucca.machado@gmail.com', '_4MOGZtjmS', '1970-04-24', 'Pago', 'Crédito'),
('694.502.813-51', 'Bernardo da Rocha', 'bernardo.darocha@gmail.com', 'a5%^8OXrYg', '1981-02-25', 'Grátis', 'Crédito'),
('621.903.758-86', 'Anna Liz Nogueira', 'annaliz.nogueira@gmail.com', '6Y(lQSRf(%', '1997-03-15', 'Pago', 'Crédito'),
('953.208.674-92', 'Larissa Souza', 'larissa.souza@gmail.com', '^kNuE5HKx&', '1964-04-23', 'Grátis', 'Crédito'),
('513.269.780-12', 'Rael Souza', 'rael.souza@gmail.com', '*5)M5kfY+B', '1996-05-16', 'Grátis', 'Pix'),
('425.176.093-06', 'Matteo Mendes', 'matteo.mendes@gmail.com', '+4L26NvfFr', '1998-07-17', 'Pago', 'Crédito'),
('650.731.482-07', 'Maria Luiza Barbosa', 'marialuiza.barbosa@gmail.com', 'x8_u!8Bqbr', '1946-12-16', 'Grátis', 'Débito'),
('875.419.362-19', 'Julia da Cruz', 'julia.dacruz@gmail.com', 'wA5YvvOV@G', '1969-05-22', 'Pago', 'Crédito'),
('028.937.146-50', 'Ana Sophia Vargas', 'anasophia.vargas@gmail.com', 'R_Y7FyOc@U', '1987-03-24', 'Pago', 'Pix'),
('038.596.427-74', 'Bárbara Novaes', 'barbara.novaes@gmail.com', '&0c0M$vf*4', '1959-12-20', 'Grátis', 'Crédito'),
('921.546.837-46', 'Luna Pimenta', 'luna.pimenta@gmail.com', 'YT8aJ4b+c#', '1949-09-01', 'Pago', 'Débito'),
('897.061.453-20', 'Caleb Barbosa', 'caleb.barbosa@gmail.com', '69Wqp%p!%@', '1952-10-22', 'Pago', 'Pix'),
('673.521.490-07', 'Alícia da Cruz', 'alicia.dacruz@gmail.com', 'V5s_9IPn8Z', '1959-10-19', 'Pago', 'Pix'),
('673.952.804-74', 'Mateus Rodrigues', 'mateus.rodrigues@gmail.com', 'Lj308Ggx(m', '1948-01-01', 'Pago', 'Débito'),
('704.693.518-10', 'Gael Martins', 'gael.martins@gmail.com', 'G8(@T7AcJp', '1994-06-19', 'Grátis', 'Pix'),
('216.589.704-11', 'Manuella Rezende', 'manuella.rezende@gmail.com', 'IW+9Ch%rfz', '1989-06-02', 'Grátis', 'Pix'),
('083.264.759-47', 'Pedro Miguel Silveira', 'pedromiguel.silveira@gmail.com', '^cw6Klg1@V', '1970-05-25', 'Grátis', 'Crédito'),
('904.285.163-51', 'Samuel da Costa', 'samuel.dacosta@gmail.com', 'VtQvJ&(2&6', '1985-04-13', 'Pago', 'Crédito'),
('683.419.075-93', 'Maria Julia Nogueira', 'mariajulia.nogueira@gmail.com', '!0LX7Idjzn', '1981-06-29', 'Pago', 'Débito'),
('569.478.230-56', 'Felipe Nogueira', 'felipe.nogueira@gmail.com', '9GF4gFQdQ$', '1998-01-11', 'Pago', 'Crédito'),
('256.791.483-82', 'Ana Lívia Caldeira', 'analivia.caldeira@gmail.com', '@9!LqgIOD0', '2004-12-28', 'Grátis', 'Débito'),
('290.631.547-80', 'José Miguel Fonseca', 'josemiguel.fonseca@gmail.com', 'g21yD@wQH(', '1950-11-24', 'Grátis', 'Pix'),
('142.750.396-61', 'Alice Câmara', 'alice.camara@gmail.com', '@*GxAWnp(4', '1956-03-28', 'Pago', 'Crédito'),
('239.047.186-22', 'Lucca Farias', 'lucca.farias@gmail.com', 'LVCXy!bg#6', '1988-04-04', 'Grátis', 'Crédito'),
('785.401.923-14', 'Théo Novaes', 'theo.novaes@gmail.com', '(WIiGJAog1', '1960-02-09', 'Pago', 'Crédito'),
('068.519.743-39', 'Clarice Sousa', 'clarice.sousa@gmail.com', '3^8mCneL2a', '1957-04-28', 'Grátis', 'Pix'),
('321.576.890-95', 'Maria Vitória Vargas', 'mariavitoria.vargas@gmail.com', 'Jo3&uQc1i%', '1972-01-31', 'Pago', 'Débito'),
('871.294.506-49', 'Ana Vitória Moura', 'anavitoria.moura@gmail.com', '#n2ZBJl_A)', '2004-10-29', 'Pago', 'Crédito'),
('218.670.359-95', 'Pedro Henrique Brito', 'pedrohenrique.brito@gmail.com', 'O5XUGw^3#1', '1949-12-16', 'Pago', 'Débito'),
('348.276.095-00', 'Samuel Vargas', 'samuel.vargas@gmail.com', 'J@6Y4Xd7A%', '1990-07-13', 'Grátis', 'Crédito'),
('498.270.531-32', 'Cecilia Rocha', 'cecilia.rocha@gmail.com', 'ndfRWzfy)1', '1956-01-13', 'Grátis', 'Pix'),
('925.687.413-09', 'Rafaela Cassiano', 'rafaela.cassiano@gmail.com', 'uk(1DB%a9#', '1964-11-09', 'Grátis', 'Débito'),
('426.930.817-69', 'Davi Luiz Gomes', 'daviluiz.gomes@gmail.com', 'v!5a(P#g$j', '2002-02-10', 'Grátis', 'Débito'),
('089.361.245-60', 'Arthur Gabriel Sousa', 'arthurgabriel.sousa@gmail.com', '$94cQSmP4D', '1986-04-01', 'Grátis', 'Pix'),
('519.263.874-73', 'Ana Lívia Cunha', 'analivia.cunha@gmail.com', 'zw5WX*1t+e', '1989-01-14', 'Grátis', 'Crédito'),
('741.082.639-87', 'Fernando Ramos', 'fernando.ramos@gmail.com', '&z_k7PhiFL', '1979-11-02', 'Pago', 'Crédito'),
('971.084.632-96', 'Hadassa Jesus', 'hadassa.jesus@gmail.com', ')OGWsYUBh2', '1960-02-02', 'Grátis', 'Crédito'),
('127.804.965-76', 'Vitor Ferreira', 'vitor.ferreira@gmail.com', 'P6^SM7j0@1', '1973-03-01', 'Grátis', 'Débito'),
('726.130.459-06', 'Oliver Vargas', 'oliver.vargas@gmail.com', 'gL52NYbe0$', '1990-05-03', 'Pago', 'Pix'),
('735.091.842-97', 'João Guilherme Melo', 'joaoguilherme.melo@gmail.com', '#GAZ%7&ld6', '1991-05-07', 'Grátis', 'Crédito'),
('584.316.702-07', 'Bento Cassiano', 'bento.cassiano@gmail.com', '^_RnAgawX3', '2006-07-07', 'Pago', 'Crédito'),
('039.764.821-96', 'Ana Sophia Nascimento', 'anasophia.nascimento@gmail.com', '$Up1Kq^r0B', '1979-10-09', 'Pago', 'Crédito'),
('548.203.169-15', 'Gabriel Novaes', 'gabriel.novaes@gmail.com', '%O#5XHtDeZ', '1984-12-01', 'Pago', 'Pix'),
('548.902.136-51', 'Zoe Brito', 'zoe.brito@gmail.com', '(O^)y0Hy0s', '1955-11-30', 'Grátis', 'Débito'),
('471.380.596-39', 'Mateus Sousa', 'mateus.sousa@gmail.com', '*4MZ%USzU7', '1989-08-11', 'Grátis', 'Débito'),
('301.259.648-89', 'João Rezende', 'joao.rezende@gmail.com', 'l&XRVg9cSH', '1978-05-04', 'Grátis', 'Débito'),
('298.374.516-37', 'Théo Gomes', 'theo.gomes@gmail.com', 'tna23YYk$J', '1996-05-31', 'Pago', 'Crédito'),
('214.603.597-80', 'Olivia Nascimento', 'olivia.nascimento@gmail.com', '*e$PtVREv2', '1977-03-12', 'Grátis', 'Pix'),
('354.197.608-00', 'Joana Vargas', 'joana.vargas@gmail.com', '&6wWyPEs(Q', '1982-10-31', 'Pago', 'Débito'),
('674.213.590-52', 'Maria Sophia Vieira', 'mariasophia.vieira@gmail.com', 'M(0Y4jgq%z', '1989-02-10', 'Pago', 'Crédito'),
('018.463.297-87', 'Enrico Melo', 'enrico.melo@gmail.com', '%4punLbB(g', '1983-09-07', 'Grátis', 'Débito'),
('974.051.386-75', 'Raul da Mata', 'raul.damata@gmail.com', 'i$a&yGIdR2', '1972-01-29', 'Pago', 'Débito'),
('795.483.261-91', 'Laura Albuquerque', 'laura.albuquerque@gmail.com', 'd88nViJh$d', '1963-09-11', 'Grátis', 'Crédito'),
('823.710.465-07', 'Antônio Nunes', 'antonio.nunes@gmail.com', '+BU4aTt^17', '1977-01-19', 'Pago', 'Débito'),
('816.573.920-40', 'Zoe Albuquerque', 'zoe.albuquerque@gmail.com', '(i0m0NiP#G', '2002-02-25', 'Pago', 'Pix'),
('052.143.986-89', 'José Miguel da Rocha', 'josemiguel.darocha@gmail.com', 'n!H8lA4i_(', '1999-03-30', 'Grátis', 'Crédito'),
('729.064.183-31', 'Leandro Rios', 'leandro.rios@gmail.com', '0ldWeb9o&j', '1993-04-15', 'Pago', 'Crédito'),
('849.567.201-49', 'Milena da Cruz', 'milena.dacruz@gmail.com', '!t(iw6Pf(g', '1960-09-22', 'Pago', 'Crédito'),
('038.957.216-03', 'Sophie Melo', 'sophie.melo@gmail.com', 'RVB1PBEyd#', '1953-10-18', 'Pago', 'Débito'),
('945.316.280-98', 'Melina da Luz', 'melina.daluz@gmail.com', '*oUIZs4I0D', '1960-03-13', 'Grátis', 'Débito'),
('245.067.381-44', 'Juan Sousa', 'juan.sousa@gmail.com', '#g3PgjTP4p', '2004-06-26', 'Pago', 'Pix'),
('450.129.738-79', 'Davi Lucca Cavalcante', 'davilucca.cavalcante@gmail.com', 'iKJXsS$y*3', '1990-10-08', 'Grátis', 'Pix'),
('750.982.641-11', 'Stephany Cardoso', 'stephany.cardoso@gmail.com', '!9Kkwss%He', '1980-05-11', 'Pago', 'Pix'),
('702.451.863-44', 'Luiz Henrique Oliveira', 'luizhenrique.oliveira@gmail.com', '+C_1eIbdv@', '1952-09-12', 'Pago', 'Débito'),
('317.429.568-82', 'Sarah Pimenta', 'sarah.pimenta@gmail.com', 'l(G^3xOJDc', '2002-06-12', 'Grátis', 'Débito'),
('519.746.302-34', 'Kamilly Ferreira', 'kamilly.ferreira@gmail.com', 'v3_XFPbC@i', '1959-02-04', 'Pago', 'Débito'),
('547.028.613-44', 'Heloisa Jesus', 'heloisa.jesus@gmail.com', 'YHOw6Col*H', '1963-02-16', 'Grátis', 'Débito'),
('194.326.750-25', 'Gustavo Henrique Vasconcelos', 'gustavohenrique.vasconcelos@gmail.com', '#5JgauRfrO', '1998-06-25', 'Pago', 'Pix'),
('632.401.859-89', 'Luara Farias', 'luara.farias@gmail.com', ')B5LUd3^_p', '1983-05-13', 'Pago', 'Pix'),
('265.138.047-44', 'Ana Liz Barbosa', 'analiz.barbosa@gmail.com', '(J^WN6Hem!', '1958-11-25', 'Grátis', 'Débito'),
('674.035.921-07', 'Davi Lucas Aragão', 'davilucas.aragao@gmail.com', 'ETkj_7Jn^3', '1983-04-19', 'Pago', 'Pix'),
('958.371.026-12', 'Gustavo Rocha', 'gustavo.rocha@gmail.com', '$y*bRD)DM5', '1949-03-10', 'Grátis', 'Crédito'),
('031.964.582-70', 'Renan Ramos', 'renan.ramos@gmail.com', '3)wR3&5fQZ', '1975-03-23', 'Grátis', 'Pix'),
('209.138.475-50', 'Cauê da Luz', 'caue.daluz@gmail.com', 'MY7tIkO$d)', '2005-08-24', 'Grátis', 'Crédito'),
('159.687.024-94', 'Léo da Mata', 'leo.damata@gmail.com', 'Z+0AB*DXwc', '1966-09-02', 'Pago', 'Crédito'),
('672.583.401-90', 'Asafe Nogueira', 'asafe.nogueira@gmail.com', '^7lm&B+ZMz', '1990-01-19', 'Grátis', 'Débito'),
('325.498.071-97', 'Apollo da Paz', 'apollo.dapaz@gmail.com', '0@9AtRpcMP', '1956-12-05', 'Grátis', 'Pix'),
('854.907.361-00', 'Diego Brito', 'diego.brito@gmail.com', 'u8S!#Y+k$6', '1980-08-28', 'Grátis', 'Débito'),
('304.765.219-80', 'Mariane Ramos', 'mariane.ramos@gmail.com', '^k%1!CFprG', '1990-05-29', 'Pago', 'Pix'),
('204.378.569-92', 'Brayan Nunes', 'brayan.nunes@gmail.com', ')R50EsRTPs', '2000-06-09', 'Pago', 'Pix'),
('308.549.627-00', 'Laís Aparecida', 'lais.aparecida@gmail.com', '05XZ#guP(5', '1959-07-28', 'Pago', 'Débito'),
('873.069.452-38', 'Hellena Vasconcelos', 'hellena.vasconcelos@gmail.com', 'LSHSdHHz$0', '1967-11-30', 'Grátis', 'Crédito'),
('268.135.097-21', 'Caio Azevedo', 'caio.azevedo@gmail.com', '!6Yis#^im5', '1947-07-22', 'Grátis', 'Débito'),
('093.425.716-70', 'Nathan Fernandes', 'nathan.fernandes@gmail.com', '5IfPpdRT(S', '1968-09-04', 'Pago', 'Crédito'),
('531.470.286-07', 'Anthony Gabriel Casa Grande', 'anthonygabriel.casagrande@gmail.com', '&)8AsTy13m', '1977-06-29', 'Pago', 'Pix'),
('482.016.357-44', 'Alexandre Leão', 'alexandre.leao@gmail.com', 't2XCYksY+u', '1957-05-11', 'Grátis', 'Pix'),
('024.378.195-41', 'Isabella Sousa', 'isabella.sousa@gmail.com', ')L#1YwI^#G', '1967-08-27', 'Grátis', 'Crédito'),
('534.061.829-33', 'Pietro Aparecida', 'pietro.aparecida@gmail.com', 'A+LOMuw0mD', '1983-03-16', 'Grátis', 'Crédito'),
('618.527.409-49', 'Luana Silveira', 'luana.silveira@gmail.com', '0BE!AyR(!K', '2003-10-18', 'Grátis', 'Pix'),
('736.408.129-13', 'Kamilly Lopes', 'kamilly.lopes@gmail.com', 'H5QP#Vn*!z', '1964-11-25', 'Grátis', 'Crédito'),
('546.279.803-29', 'Marcela Rios', 'marcela.rios@gmail.com', '_uM%8oh8N3', '1969-11-28', 'Grátis', 'Pix'),
('918.052.743-41', 'Rafael Alves', 'rafael.alves@gmail.com', '%K7Yb)yl98', '1967-09-26', 'Pago', 'Débito'),
('120.583.647-08', 'Júlia da Rocha', 'julia.darocha@gmail.com', 'yk8oq9HNd*', '1985-07-17', 'Grátis', 'Débito'),
('970.641.328-69', 'Pedro Rodrigues', 'pedro.rodrigues@gmail.com', '+o3JiXbH%6', '1964-11-26', 'Pago', 'Débito'),
('963.057.148-00', 'Pedro Henrique Duarte', 'pedrohenrique.duarte@gmail.com', '+ew1o^CwHg', '2004-11-25', 'Grátis', 'Crédito'),
('170.689.543-75', 'Davi Aparecida', 'davi.aparecida@gmail.com', '3KuD4CBs*K', '1977-02-03', 'Grátis', 'Crédito'),
('560.842.319-42', 'Ana Cecília Dias', 'anacecilia.dias@gmail.com', '^6^yDS3eqS', '1980-04-19', 'Grátis', 'Crédito'),
('614.970.823-31', 'Aurora Viana', 'aurora.viana@gmail.com', '%v#lFA!nt9', '1989-12-23', 'Pago', 'Crédito'),
('230.945.167-34', 'André da Cunha', 'andre.dacunha@gmail.com', '8^j+ZfAs$o', '1995-11-21', 'Grátis', 'Crédito'),
('457.890.612-49', 'Manuella Barros', 'manuella.barros@gmail.com', '@8QPkKoisq', '1987-04-02', 'Pago', 'Débito'),
('169.874.325-46', 'Thales Souza', 'thales.souza@gmail.com', 'F8@YexBU&I', '1971-03-15', 'Grátis', 'Crédito'),
('387.965.024-10', 'Pedro Miguel Cardoso', 'pedromiguel.cardoso@gmail.com', '8eMZmyuF@o', '1965-07-12', 'Pago', 'Débito'),
('987.230.164-69', 'Leandro Alves', 'leandro.alves@gmail.com', '$!3VBht8^#', '1958-01-25', 'Grátis', 'Pix'),
('958.317.204-97', 'Apollo da Conceição', 'apollo.daconceicao@gmail.com', '&R(1WzyDkY', '1985-04-20', 'Grátis', 'Pix'),
('497.861.205-58', 'Francisco Monteiro', 'francisco.monteiro@gmail.com', 'C0MZIwBl%4', '1952-05-23', 'Grátis', 'Crédito'),
('950.713.468-93', 'Breno Pires', 'breno.pires@gmail.com', 'F9#zl7kh)Z', '2000-05-21', 'Pago', 'Crédito'),
('685.934.027-47', 'Nicole Alves', 'nicole.alves@gmail.com', '%&oK5Q1nS2', '1973-02-28', 'Pago', 'Débito'),
('794.501.328-79', 'Mathias Cirino', 'mathias.cirino@gmail.com', 'p4R+@TuW(U', '2001-12-05', 'Pago', 'Débito'),
('563.170.482-07', 'Lívia Silveira', 'livia.silveira@gmail.com', '_a2G(Frs1Y', '2000-06-07', 'Grátis', 'Débito'),
('709.548.631-00', 'Gabriela Novaes', 'gabriela.novaes@gmail.com', ')1H0quLH)r', '1972-09-08', 'Grátis', 'Crédito'),
('354.260.187-07', 'Lucas Gabriel Silveira', 'lucasgabriel.silveira@gmail.com', 'ndrwO8Us%@', '1953-08-03', 'Pago', 'Débito'),
('738.129.560-12', 'Isaque Fogaça', 'isaque.fogaca@gmail.com', '#Hp0E%jmEl', '1946-02-25', 'Pago', 'Débito'),
('750.893.421-05', 'Anna Liz Carvalho', 'annaliz.carvalho@gmail.com', '2_ohm7NW!i', '2007-02-28', 'Pago', 'Pix'),
('736.042.895-56', 'Henry Gabriel Pastor', 'henrygabriel.pastor@gmail.com', '(#$1KOk6U_', '1979-04-06', 'Grátis', 'Crédito'),
('714.923.580-88', 'Rebeca Costela', 'rebeca.costela@gmail.com', '7K68C#avW)', '1994-11-01', 'Pago', 'Crédito'),
('876.905.341-39', 'Noah Andrade', 'noah.andrade@gmail.com', '0bF0n_QJ#$', '2001-09-10', 'Pago', 'Débito'),
('642.731.580-35', 'Bernardo Viana', 'bernardo.viana@gmail.com', '*vaY(!MqP5', '1971-02-10', 'Grátis', 'Débito'),
('083.952.467-65', 'Daniel da Paz', 'daniel.dapaz@gmail.com', 'y3POgVgm)J', '2002-11-04', 'Pago', 'Débito'),
('543.910.826-24', 'Sabrina Montenegro', 'sabrina.montenegro@gmail.com', '9R(FtU3O+A', '1994-10-28', 'Pago', 'Crédito'),
('048.795.316-93', 'Augusto Pimenta', 'augusto.pimenta@gmail.com', 'bqCv0cHhd!', '2001-12-17', 'Grátis', 'Débito'),
('542.981.076-20', 'Gustavo Henrique Rios', 'gustavohenrique.rios@gmail.com', 'EmfWD4P07%', '1964-10-11', 'Grátis', 'Crédito'),
('175.928.340-14', 'Ayla Garcia', 'ayla.garcia@gmail.com', 'S8XExY0g%F', '1960-02-24', 'Grátis', 'Débito'),
('436.502.897-92', 'Yago Freitas', 'yago.freitas@gmail.com', '$PdSf5#Tk7', '1979-06-14', 'Pago', 'Pix'),
('486.519.230-15', 'Elisa Machado', 'elisa.machado@gmail.com', 'Imn7K5OQR+', '1983-04-25', 'Pago', 'Pix'),
('739.052.461-80', 'Otto Monteiro', 'otto.monteiro@gmail.com', 'sl0h1Jyx1*', '1952-01-22', 'Pago', 'Pix'),
('513.698.472-46', 'Ana Beatriz Nascimento', 'anabeatriz.nascimento@gmail.com', 'J+4MDIBjp%', '1970-07-17', 'Grátis', 'Débito'),
('607.438.925-00', 'Igor Leão', 'igor.leao@gmail.com', '+2eC_F%l9$', '1994-04-05', 'Grátis', 'Crédito'),
('051.237.694-80', 'Thiago Lima', 'thiago.lima@gmail.com', 'H#XTh4K+#0', '1953-10-05', 'Grátis', 'Débito'),
('271.540.936-25', 'Heloísa Gonçalves', 'heloisa.goncalves@gmail.com', 'xgEj*3Jb%v', '1967-12-14', 'Pago', 'Débito'),
('296.370.481-03', 'Kaique Moreira', 'kaique.moreira@gmail.com', '@)0wBOCg0#', '2005-09-25', 'Pago', 'Crédito'),
('831.759.026-77', 'Maria Liz Gonçalves', 'marializ.goncalves@gmail.com', 'u*A9OOWyhk', '1982-12-13', 'Pago', 'Crédito'),
('435.901.862-24', 'Antônio Pereira', 'antonio.pereira@gmail.com', '_rv7NOpIzo', '1999-05-11', 'Pago', 'Pix'),
('075.389.146-84', 'Bárbara Cardoso', 'barbara.cardoso@gmail.com', '+qC1WTKky9', '1993-05-31', 'Pago', 'Pix'),
('402.398.716-69', 'Benício Ferreira', 'benicio.ferreira@gmail.com', 'm&5m64ZfEe', '1967-11-03', 'Grátis', 'Pix'),
('362.508.419-89', 'Guilherme Almeida', 'guilherme.almeida@gmail.com', 'uO03JIc1!6', '1992-04-12', 'Grátis', 'Débito'),
('924.037.865-00', 'Maya Casa Grande', 'maya.casagrande@gmail.com', '$&0!Tq3LWQ', '1974-08-03', 'Grátis', 'Crédito'),
('982.364.017-31', 'Nathan Santos', 'nathan.santos@gmail.com', '+0SoZb8A$7', '1991-05-24', 'Grátis', 'Pix'),
('983.425.607-83', 'Mariane da Cunha', 'mariane.dacunha@gmail.com', 'uIxj6KQx_S', '1952-12-18', 'Pago', 'Crédito'),
('872.495.630-92', 'Evelyn Rodrigues', 'evelyn.rodrigues@gmail.com', 'R)5E1BoMq&', '1984-12-15', 'Pago', 'Crédito'),
('380.921.476-04', 'Maria Cecília Sales', 'mariacecilia.sales@gmail.com', 'IG4qH#uV($', '1951-08-30', 'Pago', 'Pix'),
('546.823.017-80', 'Léo Dias', 'leo.dias@gmail.com', '1uS79@0v&&', '1967-11-11', 'Grátis', 'Pix'),
('715.034.986-20', 'Eduarda Sousa', 'eduarda.sousa@gmail.com', 'h@44UvUS*(', '1985-05-01', 'Grátis', 'Pix'),
('389.604.712-40', 'Alícia Lopes', 'alicia.lopes@gmail.com', '5TdpaOKz#K', '2001-08-11', 'Grátis', 'Pix'),
('921.475.608-20', 'Emanuel Fogaça', 'emanuel.fogaca@gmail.com', '(58!UqXr5$', '1977-01-28', 'Pago', 'Crédito'),
('891.352.706-59', 'Lívia Brito', 'livia.brito@gmail.com', '#1AiMMhY&*', '1975-12-07', 'Pago', 'Pix'),
('428.319.076-40', 'Nina Pastor', 'nina.pastor@gmail.com', '%PYJzFDo8d', '1978-12-22', 'Pago', 'Débito'),
('153.278.490-23', 'João Lucas da Conceição', 'joaolucas.daconceicao@gmail.com', 'Om(AK*Y_!3', '1957-03-26', 'Grátis', 'Crédito'),
('573.684.290-47', 'João Mendes', 'joao.mendes@gmail.com', 'Q6d79UZa^(', '1987-12-18', 'Grátis', 'Pix'),
('631.702.958-02', 'Maria Júlia Farias', 'mariajulia.farias@gmail.com', '!(!7l6Pr&v', '1961-12-24', 'Grátis', 'Pix'),
('372.851.409-88', 'Anthony Albuquerque', 'anthony.albuquerque@gmail.com', 'P0CXB7Ha%6', '2004-09-07', 'Grátis', 'Débito'),
('940.762.138-31', 'Renan Nunes', 'renan.nunes@gmail.com', 'oR(0YsEay!', '1966-12-15', 'Grátis', 'Pix'),
('309.762.541-07', 'Marcos Vinicius Moraes', 'marcosvinicius.moraes@gmail.com', '@Da6NAhfyV', '1965-09-24', 'Grátis', 'Débito'),
('231.864.759-37', 'Isis Carvalho', 'isis.carvalho@gmail.com', '&LN2$PQrqM', '1972-06-17', 'Grátis', 'Pix'),
('783.261.905-86', 'Isaac Duarte', 'isaac.duarte@gmail.com', 'i1WL@dDD%r', '1990-07-02', 'Pago', 'Pix'),
('356.428.190-89', 'Amanda Dias', 'amanda.dias@gmail.com', '0s7Iarj0V@', '1947-09-11', 'Grátis', 'Crédito'),
('064.738.529-56', 'Ana Liz Vargas', 'analiz.vargas@gmail.com', '+vo%oLX$g9', '1980-04-28', 'Pago', 'Pix'),
('435.789.612-64', 'Brayan Melo', 'brayan.melo@gmail.com', '$89*L*Ki1I', '1962-08-04', 'Pago', 'Pix'),
('503.926.784-38', 'Ravi Lucca Silveira', 'ravilucca.silveira@gmail.com', '1ay#DxQs^3', '2001-01-14', 'Grátis', 'Crédito'),
('198.053.462-42', 'Isadora Novais', 'isadora.novais@gmail.com', 'QC&tZDc8&3', '1963-08-03', 'Grátis', 'Débito'),
('960.518.274-20', 'Juliana Nunes', 'juliana.nunes@gmail.com', '17Fy%nY%_6', '1965-02-03', 'Pago', 'Pix'),
('420.176.589-01', 'Thales da Mota', 'thales.damota@gmail.com', 'nKT9McXbH!', '1972-04-01', 'Pago', 'Crédito'),
('920.856.734-65', 'Amanda da Cruz', 'amanda.dacruz@gmail.com', '@Db73CJj6l', '1956-10-02', 'Pago', 'Débito'),
('810.269.457-20', 'Otávio da Rosa', 'otavio.darosa@gmail.com', '@TyVS9h#1V', '1970-01-26', 'Pago', 'Crédito'),
('471.890.653-93', 'Davi Luiz Nascimento', 'daviluiz.nascimento@gmail.com', ')*BB1dj%+5', '1963-08-14', 'Pago', 'Pix'),
('408.357.691-00', 'Lorenzo da Rocha', 'lorenzo.darocha@gmail.com', '@1PkjW@_!N', '1951-12-16', 'Pago', 'Pix'),
('183.072.465-71', 'Isabel Nascimento', 'isabel.nascimento@gmail.com', 'Ua5NzWvDH$', '2002-01-27', 'Grátis', 'Crédito'),
('289.674.105-49', 'Maria Flor Albuquerque', 'mariaflor.albuquerque@gmail.com', 'b@bf7^PyUs', '1996-07-20', 'Grátis', 'Débito'),
('796.518.243-28', 'Thales Monteiro', 'thales.monteiro@gmail.com', 'Vv52AZw0k_', '2003-05-14', 'Pago', 'Pix'),
('791.452.308-97', 'Apollo da Rosa', 'apollo.darosa@gmail.com', '(2jWXmIq@M', '1981-11-25', 'Pago', 'Débito'),
('438.627.190-22', 'Lorena Caldeira', 'lorena.caldeira@gmail.com', 'pl#%g5LrvQ', '2002-05-09', 'Grátis', 'Débito'),
('840.325.697-38', 'Elisa Melo', 'elisa.melo@gmail.com', 'S0pRUruj$e', '1970-01-01', 'Pago', 'Crédito'),
('134.206.798-31', 'Isabela Porto', 'isabela.porto@gmail.com', 'mJTdRZAl&7', '1960-08-11', 'Grátis', 'Débito'),
('690.173.485-93', 'Francisco Viana', 'francisco.viana@gmail.com', 'geC9Amh*J*', '1973-08-03', 'Grátis', 'Crédito'),
('029.316.485-15', 'Maria Cecília Casa Grande', 'mariacecilia.casagrande@gmail.com', 'EVjp^9KzVS', '1983-08-11', 'Grátis', 'Pix'),
('874.639.015-48', 'Maria Flor Peixoto', 'mariaflor.peixoto@gmail.com', '_VA^HHDZa3', '1950-08-23', 'Grátis', 'Débito'),
('906.521.834-33', 'José Pedro Silveira', 'josepedro.silveira@gmail.com', 'jKIY$9Dc8L', '1980-07-14', 'Pago', 'Débito'),
('085.496.123-24', 'Rebeca Brito', 'rebeca.brito@gmail.com', 'Cr1DlXLr(A', '1979-11-04', 'Grátis', 'Crédito'),
('651.980.734-66', 'Maria Flor Campos', 'mariaflor.campos@gmail.com', '*(9VE_sdoH', '1961-10-27', 'Grátis', 'Débito'),
('961.387.240-03', 'Arthur Gabriel Montenegro', 'arthurgabriel.montenegro@gmail.com', 'sA^ET6YfLC', '1996-10-08', 'Grátis', 'Débito'),
('237.508.416-08', 'Emanuella da Cruz', 'emanuella.dacruz@gmail.com', 'X_2*TvRbpk', '1965-06-20', 'Grátis', 'Débito'),
('304.196.728-69', 'Enzo Gabriel Caldeira', 'enzogabriel.caldeira@gmail.com', 'zD1EAy%BD@', '2004-07-11', 'Pago', 'Pix'),
('540.162.983-42', 'Kaique Campos', 'kaique.campos@gmail.com', '++G5YW*w+M', '1961-09-13', 'Pago', 'Pix'),
('519.702.684-76', 'Aylla Rios', 'aylla.rios@gmail.com', '4^b5YUhF!1', '2005-10-02', 'Grátis', 'Pix'),
('643.298.570-65', 'Sara da Paz', 'sara.dapaz@gmail.com', '$fd&^CXd5p', '2001-03-06', 'Pago', 'Pix'),
('197.523.608-40', 'Caroline Brito', 'caroline.brito@gmail.com', '6+D+1HykSD', '1953-12-28', 'Pago', 'Pix'),
('802.349.176-87', 'Enzo Gabriel Fernandes', 'enzogabriel.fernandes@gmail.com', '(+N98Lckh(', '1957-02-06', 'Pago', 'Crédito'),
('238.674.109-50', 'Maria Laura Borges', 'marialaura.borges@gmail.com', 'l#04HSP!qr', '1999-02-26', 'Pago', 'Débito'),
('903.518.426-24', 'Raul Nogueira', 'raul.nogueira@gmail.com', 'UAD#4%RmWP', '1998-10-06', 'Grátis', 'Crédito'),
('826.150.437-90', 'Kevin Martins', 'kevin.martins@gmail.com', '_K8Iz_%B&G', '1975-02-09', 'Pago', 'Pix'),
('520.791.483-97', 'Allana Rios', 'allana.rios@gmail.com', '0HI@xeR_+5', '1964-02-08', 'Grátis', 'Débito'),
('862.513.479-37', 'Gustavo Vieira', 'gustavo.vieira@gmail.com', 'oWi)@L3z1)', '1966-04-05', 'Grátis', 'Débito'),
('291.047.538-79', 'Mirella Montenegro', 'mirella.montenegro@gmail.com', 'L+7wdPwp_w', '1976-05-14', 'Grátis', 'Débito'),
('913.026.854-06', 'João Pedro Novais', 'joaopedro.novais@gmail.com', 'd3jENbbn^!', '1947-11-02', 'Grátis', 'Pix'),
('132.074.856-26', 'Arthur Miguel da Cunha', 'arthurmiguel.dacunha@gmail.com', 'N1*VlGNv#7', '1954-05-03', 'Pago', 'Débito'),
('042.196.583-51', 'Lívia Vasconcelos', 'livia.vasconcelos@gmail.com', '0ikHAH+1!4', '1966-07-03', 'Grátis', 'Pix'),
('729.856.134-00', 'Eduarda Caldeira', 'eduarda.caldeira@gmail.com', '@3zPPrkExD', '1946-12-03', 'Pago', 'Crédito'),
('951.804.326-42', 'João Vitor Azevedo', 'joaovitor.azevedo@gmail.com', '34&GLkG9^c', '1999-05-04', 'Grátis', 'Pix'),
('640.897.532-10', 'Fernanda Brito', 'fernanda.brito@gmail.com', 'egc1VRm2$)', '1994-05-04', 'Pago', 'Crédito'),
('718.095.346-66', 'Carolina Nogueira', 'carolina.nogueira@gmail.com', '%@O6Jxq8_4', '1986-05-05', 'Pago', 'Crédito'),
('465.309.128-51', 'André Almeida', 'andre.almeida@gmail.com', ')9PGbAgQ0u', '1978-09-03', 'Grátis', 'Débito'),
('409.285.631-89', 'Jade Pereira', 'jade.pereira@gmail.com', 'aNp6Gu2b&z', '1952-02-07', 'Grátis', 'Crédito'),
('563.719.420-34', 'Luiz Miguel Fonseca', 'luizmiguel.fonseca@gmail.com', 'n)kE6CkLDy', '1970-10-27', 'Grátis', 'Pix'),
('045.812.679-94', 'Isabela Rios', 'isabela.rios@gmail.com', 'Wha8Xg4lk^', '1974-11-19', 'Pago', 'Débito'),
('867.130.429-96', 'Pedro Vieira', 'pedro.vieira@gmail.com', '#7T%tsmb%C', '1970-06-21', 'Pago', 'Crédito'),
('602.195.483-15', 'Luana Martins', 'luana.martins@gmail.com', '!xOb1vHie2', '1968-08-01', 'Pago', 'Pix'),
('914.352.876-73', 'Stella Porto', 'stella.porto@gmail.com', '$efDO4P9&4', '1948-03-09', 'Pago', 'Débito'),
('820.751.934-79', 'Henry Rocha', 'henry.rocha@gmail.com', 'QY1*T0yz#4', '1988-12-09', 'Grátis', 'Débito'),
('150.293.647-06', 'Ana Júlia Pastor', 'anajulia.pastor@gmail.com', '*zY1TMj!1F', '1972-11-15', 'Grátis', 'Crédito'),
('076.413.859-66', 'Olívia Pimenta', 'olivia.pimenta@gmail.com', ')z$BPI&d$0', '1970-12-10', 'Grátis', 'Pix'),
('581.967.203-86', 'Catarina Castro', 'catarina.castro@gmail.com', '%SDe8nv+8P', '1982-05-30', 'Pago', 'Débito'),
('069.157.248-85', 'Théo da Rocha', 'theo.darocha@gmail.com', '*tDbW*AtB4', '1986-10-21', 'Pago', 'Crédito'),
('231.645.879-37', 'Daniel Ribeiro', 'daniel.ribeiro@gmail.com', ')nt5Zum#(3', '1961-01-02', 'Grátis', 'Débito'),
('934.270.518-97', 'João Guilherme Montenegro', 'joaoguilherme.montenegro@gmail.com', 'zna%8YWn*%', '1947-03-27', 'Grátis', 'Pix'),
('695.432.078-10', 'Camila Carvalho', 'camila.carvalho@gmail.com', '5PS8_GHq&@', '2006-08-02', 'Grátis', 'Pix'),
('568.927.304-00', 'Mariane Rezende', 'mariane.rezende@gmail.com', '!5NK4ZLon4', '1957-08-09', 'Pago', 'Débito'),
('365.827.019-59', 'Oliver Pimenta', 'oliver.pimenta@gmail.com', '$rFjsk)Vy6', '1984-06-26', 'Pago', 'Crédito'),
('298.374.501-50', 'Maria Isis Azevedo', 'mariaisis.azevedo@gmail.com', 'C&5C#lQt_!', '1983-02-18', 'Pago', 'Pix'),
('692.145.703-61', 'Sophia da Mata', 'sophia.damata@gmail.com', 'p8vZYyJ5(l', '1991-02-23', 'Grátis', 'Débito'),
('854.217.063-62', 'Brayan Mendonça', 'brayan.mendonca@gmail.com', 'oWc7lBsi&j', '1994-08-22', 'Grátis', 'Crédito'),
('928.763.051-86', 'Emilly Cassiano', 'emilly.cassiano@gmail.com', 'N%ep7BKm(w', '1996-04-14', 'Grátis', 'Crédito'),
('532.618.740-07', 'Lavínia Cassiano', 'lavinia.cassiano@gmail.com', '9&TN2M8L2n', '1987-11-03', 'Pago', 'Pix'),
('872.450.163-80', 'Yasmin da Rocha', 'yasmin.darocha@gmail.com', '&z8C8(%xt2', '1950-08-31', 'Grátis', 'Débito'),
('745.318.609-93', 'Manuela Nascimento', 'manuela.nascimento@gmail.com', '&vUzSNNVQ9', '1957-03-03', 'Grátis', 'Pix'),
('340.196.825-42', 'Ana Beatriz Farias', 'anabeatriz.farias@gmail.com', '!kpU7cPBm1', '1989-06-25', 'Pago', 'Débito'),
('798.603.254-56', 'Théo Nunes', 'theo.nunes@gmail.com', 'X$J7t4XkpS', '1981-04-27', 'Pago', 'Pix'),
('160.957.384-66', 'Felipe Rios', 'felipe.rios@gmail.com', '&$KONfia#9', '1959-09-21', 'Pago', 'Débito'),
('475.163.290-61', 'Valentina Rios', 'valentina.rios@gmail.com', '1!1j^WCqWl', '1982-12-10', 'Pago', 'Débito'),
('913.824.056-42', 'Felipe Pinto', 'felipe.pinto@gmail.com', 'M4k+RmmI!0', '1968-04-20', 'Grátis', 'Crédito'),
('728.149.063-13', 'Anthony Gabriel Freitas', 'anthonygabriel.freitas@gmail.com', '(84iZ2Tj@)', '1949-05-04', 'Grátis', 'Crédito'),
('328.651.074-26', 'Isabella Gomes', 'isabella.gomes@gmail.com', '^4h@H_sbun', '1966-03-02', 'Grátis', 'Pix'),
('671.052.439-61', 'Théo da Rosa', 'theo.darosa@gmail.com', '7VE4Jcym!)', '1944-08-20', 'Grátis', 'Débito'),
('935.021.468-70', 'Isabela Pimenta', 'isabela.pimenta@gmail.com', 'I+3i!F+n1m', '1997-06-09', 'Grátis', 'Pix'),
('280.614.935-51', 'Ana Liz Garcia', 'analiz.garcia@gmail.com', 'G1BMeE!M(y', '1989-02-16', 'Grátis', 'Pix'),
('230.784.915-79', 'Maria Fernanda Andrade', 'mariafernanda.andrade@gmail.com', '*D7c4ONq2(', '1946-03-16', 'Grátis', 'Débito'),
('273.460.589-92', 'Maria Julia Pinto', 'mariajulia.pinto@gmail.com', '_sC0RZbZY9', '1999-03-18', 'Pago', 'Débito'),
('621.793.048-03', 'Isadora Câmara', 'isadora.camara@gmail.com', 'P$4)FtaBrO', '1973-05-22', 'Grátis', 'Crédito'),
('436.751.098-01', 'Letícia Cavalcante', 'leticia.cavalcante@gmail.com', 'W_fc0dKtiq', '2000-08-25', 'Pago', 'Crédito'),
('049.217.685-01', 'Catarina Gomes', 'catarina.gomes@gmail.com', 'wujRiezp*4', '1947-05-03', 'Pago', 'Crédito'),
('952.607.143-34', 'Melissa da Conceição', 'melissa.daconceicao@gmail.com', '*6eSnJJrAA', '1982-08-07', 'Grátis', 'Crédito'),
('901.386.754-57', 'Nathan Siqueira', 'nathan.siqueira@gmail.com', '74HsDkOb)p', '1989-03-02', 'Grátis', 'Pix'),
('213.096.547-43', 'Ana Clara Monteiro', 'anaclara.monteiro@gmail.com', '^3PqdfOHc&', '1989-05-17', 'Pago', 'Pix'),
('905.341.286-70', 'Isaque Jesus', 'isaque.jesus@gmail.com', 'k75Fz3TN)r', '1958-03-31', 'Pago', 'Crédito'),
('841.235.607-17', 'Davi Lucas Ribeiro', 'davilucas.ribeiro@gmail.com', 'vv%5dEIdI@', '1994-04-16', 'Grátis', 'Débito'),
('907.836.154-93', 'Hellena Costela', 'hellena.costela@gmail.com', '_S^F$eX^j0', '1999-06-29', 'Grátis', 'Pix'),
('538.021.746-07', 'Luigi da Cruz', 'luigi.dacruz@gmail.com', '%x95OvmGkj', '1987-03-21', 'Pago', 'Crédito'),
('204.719.538-14', 'Vinícius Marques', 'vinicius.marques@gmail.com', 'f6YJk+fa!N', '1954-06-19', 'Pago', 'Débito'),
('827.651.493-64', 'Rael Melo', 'rael.melo@gmail.com', ')n7k4PYnF!', '1999-11-15', 'Grátis', 'Débito'),
('031.928.465-42', 'Bianca Monteiro', 'bianca.monteiro@gmail.com', '^9XLgxGMja', '1988-10-02', 'Pago', 'Débito'),
('150.872.394-04', 'Pietro Lima', 'pietro.lima@gmail.com', 'sukZ9GgaM*', '1956-10-14', 'Pago', 'Pix'),
('569.471.032-07', 'Caleb Nascimento', 'caleb.nascimento@gmail.com', '$g9CAdSp(U', '2002-05-17', 'Grátis', 'Crédito'),
('631.085.497-66', 'Mariana Machado', 'mariana.machado@gmail.com', '&@3UQhb5+7', '1963-09-02', 'Pago', 'Pix'),
('520.478.913-88', 'Nina Teixeira', 'nina.teixeira@gmail.com', '(5KYRQuTVE', '1952-04-27', 'Pago', 'Pix'),
('437.198.602-13', 'Kaique Pereira', 'kaique.pereira@gmail.com', 'r^5Aw_NLZI', '1971-11-16', 'Grátis', 'Crédito'),
('318.459.076-39', 'Gabriel da Conceição', 'gabriel.daconceicao@gmail.com', ')_r8U6#b8F', '1986-05-12', 'Grátis', 'Pix'),
('652.847.901-11', 'Maria Julia Pereira', 'mariajulia.pereira@gmail.com', '!I0!5Z1+n6', '1999-02-04', 'Pago', 'Débito'),
('421.507.683-80', 'Pietro Nascimento', 'pietro.nascimento@gmail.com', 'l^K*9oGaP8', '1998-11-28', 'Grátis', 'Crédito'),
('968.740.231-87', 'Isadora Brito', 'isadora.brito@gmail.com', '1yKb4t+s$7', '1975-02-12', 'Grátis', 'Pix'),
('738.102.946-40', 'Lunna Cavalcante', 'lunna.cavalcante@gmail.com', 'VF6@NIuf6^', '2006-05-21', 'Grátis', 'Crédito'),
('987.105.326-68', 'Ana Cecília Brito', 'anacecilia.brito@gmail.com', '(4)hAstFav', '1977-07-19', 'Pago', 'Pix'),
('453.967.281-91', 'Rafaela Sales', 'rafaela.sales@gmail.com', '@m28W6ux(g', '1953-03-21', 'Grátis', 'Crédito'),
('956.310.742-06', 'Arthur Gabriel da Rosa', 'arthurgabriel.darosa@gmail.com', '$&g2VHjlLP', '1990-06-01', 'Pago', 'Crédito'),
('195.384.062-06', 'Davi Miguel Borges', 'davimiguel.borges@gmail.com', '@vB*4jTv@E', '2006-01-28', 'Grátis', 'Débito'),
('706.142.389-78', 'Breno Moraes', 'breno.moraes@gmail.com', '*YdR)Fl+3S', '1972-10-23', 'Pago', 'Débito'),
('367.480.291-04', 'Sarah da Rosa', 'sarah.darosa@gmail.com', 'TN6JiaEj+$', '1966-11-28', 'Pago', 'Débito'),
('765.043.829-56', 'Bruno Fernandes', 'bruno.fernandes@gmail.com', 'DVo3Rr9x9^', '2003-12-01', 'Grátis', 'Crédito'),
('342.051.678-90', 'Vitor Hugo Pereira', 'vitorhugo.pereira@gmail.com', '!9I7Am8vU!', '1972-03-25', 'Grátis', 'Crédito'),
('853.264.701-44', 'Carlos Eduardo Abreu', 'carloseduardo.abreu@gmail.com', 'r$57WrCY!p', '1958-08-26', 'Pago', 'Crédito'),
('160.893.574-48', 'Enzo Gabriel Santos', 'enzogabriel.santos@gmail.com', '(p2Mjl7#k+', '1997-07-21', 'Grátis', 'Crédito'),
('560.897.142-67', 'Camila Azevedo', 'camila.azevedo@gmail.com', '%2gfSITKxD', '1978-05-10', 'Pago', 'Crédito'),
('613.075.489-20', 'Apollo Fogaça', 'apollo.fogaca@gmail.com', 'D@u4VST_Px', '1977-07-14', 'Pago', 'Crédito'),
('781.240.396-31', 'Rebeca Pereira', 'rebeca.pereira@gmail.com', 'y(99OOz8Ff', '1970-07-31', 'Pago', 'Débito'),
('892.460.351-51', 'Júlia Costa', 'julia.costa@gmail.com', 'J+4FJcxoBB', '2006-11-23', 'Pago', 'Débito'),
('786.340.951-93', 'Maria Helena Andrade', 'mariahelena.andrade@gmail.com', '99L6URnK(b', '1991-05-23', 'Grátis', 'Crédito'),
('046.958.731-84', 'Davi Luiz Costa', 'daviluiz.costa@gmail.com', 'jn_3vnU*9)', '1957-10-13', 'Pago', 'Crédito'),
('895.432.017-14', 'Augusto Duarte', 'augusto.duarte@gmail.com', '1u)ZWrHg)P', '2005-01-22', 'Pago', 'Crédito'),
('865.039.721-21', 'Rebeca Ribeiro', 'rebeca.ribeiro@gmail.com', '500c3Zsa@$', '1965-02-10', 'Pago', 'Débito'),
('048.257.693-65', 'Juliana Nascimento', 'juliana.nascimento@gmail.com', '+2L_Ktwa_t', '1968-01-21', 'Pago', 'Pix'),
('179.384.250-79', 'Júlia Nunes', 'julia.nunes@gmail.com', '7im8rKuye%', '1956-02-14', 'Pago', 'Pix'),
('504.216.389-15', 'Olívia Monteiro', 'olivia.monteiro@gmail.com', '&#8pYye9Pd', '1984-09-28', 'Pago', 'Débito'),
('481.962.705-85', 'Juliana Costela', 'juliana.costela@gmail.com', 'C0@BxpJw*R', '1998-05-14', 'Pago', 'Pix'),
('248.531.906-51', 'Rebeca Novaes', 'rebeca.novaes@gmail.com', '5kHEbVX3(7', '1952-04-10', 'Grátis', 'Pix'),
('580.173.294-23', 'Gabrielly Teixeira', 'gabrielly.teixeira@gmail.com', '8*2BnM!VbB', '1949-03-08', 'Grátis', 'Pix'),
('657.481.239-91', 'Davi Melo', 'davi.melo@gmail.com', 'o^UTzvB8Kq', '1966-09-19', 'Grátis', 'Débito'),
('513.209.647-61', 'Yan Almeida', 'yan.almeida@gmail.com', '2I%!5UeF$@', '1998-09-17', 'Grátis', 'Débito'),
('098.635.127-02', 'Melissa Novaes', 'melissa.novaes@gmail.com', 'qQ9L2%8s%@', '1978-11-11', 'Grátis', 'Pix'),
('062.431.785-44', 'Cecília Duarte', 'cecilia.duarte@gmail.com', '_9LRq&Dhm#', '1978-02-21', 'Grátis', 'Pix'),
('704.295.386-00', 'Léo Nascimento', 'leo.nascimento@gmail.com', 'zn6r*Ck7^2', '1944-07-13', 'Pago', 'Crédito'),
('386.790.514-20', 'Théo Fogaça', 'theo.fogaca@gmail.com', 'TdB(1)TehB', '1996-11-13', 'Pago', 'Débito'),
('725.346.198-37', 'Enzo Almeida', 'enzo.almeida@gmail.com', 'ui5cRvem^I', '1953-08-28', 'Grátis', 'Crédito'),
('306.582.917-77', 'Luiz Otávio Lopes', 'luizotavio.lopes@gmail.com', '!bxyrPCP5B', '1984-11-30', 'Pago', 'Pix'),
('610.348.725-08', 'Levi Vieira', 'levi.vieira@gmail.com', 'x96Kfq#A&+', '1997-05-16', 'Pago', 'Pix'),
('562.871.904-85', 'Maria Júlia Oliveira', 'mariajulia.oliveira@gmail.com', 'hoNKrIzs)9', '1978-02-24', 'Pago', 'Crédito'),
('420.531.768-90', 'Luiz Otávio Freitas', 'luizotavio.freitas@gmail.com', '^jNPuz*B7a', '1962-03-14', 'Pago', 'Pix'),
('673.845.201-26', 'Theo Porto', 'theo.porto@gmail.com', '_!2IBigg2_', '1962-04-17', 'Pago', 'Pix'),
('012.785.396-03', 'Ana Laura da Mata', 'analaura.damata@gmail.com', '#6JSw)Qr@7', '1967-06-29', 'Pago', 'Crédito'),
('134.065.789-93', 'Zoe Brito', 'zoe.brito@gmail.com', '05A4RymK+G', '1974-01-20', 'Pago', 'Débito'),
('419.732.865-64', 'Vitor Hugo Lima', 'vitorhugo.lima@gmail.com', '*1NDWojLRa', '1981-04-06', 'Grátis', 'Débito'),
('423.716.890-50', 'Anna Liz da Paz', 'annaliz.dapaz@gmail.com', 'u88uMSkN)S', '1979-11-05', 'Pago', 'Crédito'),
('974.850.261-94', 'Brenda da Rosa', 'brenda.darosa@gmail.com', 'M5fCf4Dm+2', '1948-12-30', 'Pago', 'Débito'),
('782.496.013-78', 'Davi Lucca Vargas', 'davilucca.vargas@gmail.com', '$28vZNm^&1', '1998-04-13', 'Grátis', 'Débito'),
('906.128.754-58', 'Ian Moura', 'ian.moura@gmail.com', '!K@Yv*zhH4', '2006-02-27', 'Pago', 'Crédito'),
('721.380.546-08', 'Rafaela Pereira', 'rafaela.pereira@gmail.com', '7ZI^(zY8*0', '1980-11-09', 'Pago', 'Pix'),
('906.253.841-05', 'Gabriela Barbosa', 'gabriela.barbosa@gmail.com', 'V@M3qHYb7D', '1983-03-18', 'Pago', 'Crédito'),
('086.349.721-78', 'Pietra Barbosa', 'pietra.barbosa@gmail.com', '+H1QXNsh$+', '1971-11-22', 'Grátis', 'Pix'),
('120.396.745-43', 'Thomas Borges', 'thomas.borges@gmail.com', 'T*$M_5)eFA', '1964-10-25', 'Grátis', 'Débito'),
('017.365.829-68', 'João Pedro Mendes', 'joaopedro.mendes@gmail.com', '+q2DSTOW5a', '1964-04-18', 'Grátis', 'Pix'),
('861.532.047-08', 'Theodoro Camargo', 'theodoro.camargo@gmail.com', '60GIu0GL_H', '1945-01-26', 'Grátis', 'Pix'),
('345.279.680-92', 'Davi Luiz Nogueira', 'daviluiz.nogueira@gmail.com', 'QcQA5hVYA_', '1967-02-19', 'Grátis', 'Crédito'),
('053.218.674-53', 'Natália Monteiro', 'natalia.monteiro@gmail.com', 'N1pLBi!Z#k', '1994-12-11', 'Pago', 'Pix'),
('607.132.985-02', 'Francisco Porto', 'francisco.porto@gmail.com', '5HY!83ilX#', '1995-02-06', 'Pago', 'Pix'),
('673.418.095-66', 'Joaquim Sousa', 'joaquim.sousa@gmail.com', 'iUK8AXMg&E', '1950-11-15', 'Grátis', 'Pix'),
('316.052.894-42', 'Mariah Machado', 'mariah.machado@gmail.com', '!W*Cbmqjn4', '2007-01-16', 'Grátis', 'Pix'),
('134.065.798-84', 'Luan Nunes', 'luan.nunes@gmail.com', '23f#3D)v%q', '2000-02-01', 'Grátis', 'Débito'),
('301.697.254-99', 'Lavínia Costela', 'lavinia.costela@gmail.com', ')3WS%UyR0V', '1986-10-13', 'Grátis', 'Crédito'),
('137.584.962-09', 'Alexandre Silva', 'alexandre.silva@gmail.com', '($PpRxW^e0', '2002-09-11', 'Grátis', 'Pix'),
('905.367.841-75', 'Aurora Teixeira', 'aurora.teixeira@gmail.com', 'uYNPm2_x%4', '1957-02-25', 'Pago', 'Crédito'),
('674.093.218-22', 'Maria Monteiro', 'maria.monteiro@gmail.com', '_tPvKnkt51', '1986-05-18', 'Pago', 'Débito'),
('450.693.781-39', 'Hadassa Camargo', 'hadassa.camargo@gmail.com', '3#9Z910ij*', '1977-04-04', 'Pago', 'Débito'),
('346.085.972-56', 'Emanuella Viana', 'emanuella.viana@gmail.com', '*nhKc#LH29', '1957-11-23', 'Pago', 'Débito'),
('827.149.650-67', 'Gabriel Camargo', 'gabriel.camargo@gmail.com', 'S#67GcRrNv', '1979-02-04', 'Pago', 'Crédito'),
('653.701.289-95', 'Nina Sousa', 'nina.sousa@gmail.com', '$97SLZ1Y0s', '2007-04-28', 'Pago', 'Pix'),
('569.830.142-51', 'Eduardo Moreira', 'eduardo.moreira@gmail.com', '!CK8v^b0$9', '2002-12-13', 'Pago', 'Débito'),
('509.864.371-66', 'Davi Miguel Costa', 'davimiguel.costa@gmail.com', '9@X4T6xmW$', '1956-07-13', 'Pago', 'Crédito'),
('254.873.061-17', 'Luan Garcia', 'luan.garcia@gmail.com', 'HWLA1ABu+L', '1990-06-14', 'Pago', 'Pix'),
('784.915.026-02', 'Vitor Hugo Fogaça', 'vitorhugo.fogaca@gmail.com', ')lr8Ll$k5q', '1973-08-30', 'Pago', 'Crédito'),
('531.270.486-53', 'Oliver Farias', 'oliver.farias@gmail.com', '#13MD3sB#x', '1979-04-09', 'Pago', 'Pix'),
('016.387.425-53', 'Cauã da Conceição', 'caua.daconceicao@gmail.com', '*4C1gzBo@O', '1973-02-09', 'Grátis', 'Débito'),
('924.806.513-98', 'Lívia Cardoso', 'livia.cardoso@gmail.com', '_!H2tWoiz9', '1981-11-03', 'Pago', 'Crédito'),
('108.954.726-94', 'Helena Cavalcante', 'helena.cavalcante@gmail.com', 'QiTaO$Uz+5', '1977-01-09', 'Pago', 'Crédito'),
('416.835.720-17', 'Ana Beatriz Rios', 'anabeatriz.rios@gmail.com', 'hZZlvKmz*0', '1990-08-19', 'Grátis', 'Pix'),
('187.503.426-90', 'Bento Mendes', 'bento.mendes@gmail.com', 's5S2RlVw)#', '1966-02-08', 'Pago', 'Crédito'),
('251.043.769-07', 'Gustavo Henrique Farias', 'gustavohenrique.farias@gmail.com', '#Y7Fa^(o^u', '1969-11-12', 'Pago', 'Débito'),
('264.179.350-43', 'Anthony Gabriel Albuquerque', 'anthonygabriel.albuquerque@gmail.com', 'pqr60#KS(8', '1974-09-06', 'Grátis', 'Pix'),
('380.974.521-97', 'Samuel Barbosa', 'samuel.barbosa@gmail.com', '(DUBK!Bwh8', '1996-07-13', 'Pago', 'Débito'),
('436.582.190-33', 'Rebeca Brito', 'rebeca.brito@gmail.com', '@7NTs_bgtU', '1994-01-31', 'Grátis', 'Crédito'),
('081.367.524-35', 'Larissa Cavalcanti', 'larissa.cavalcanti@gmail.com', '^DU&tDDAp4', '2004-07-07', 'Grátis', 'Débito'),
('043.867.592-47', 'Levi Pinto', 'levi.pinto@gmail.com', '5DEVazO7_3', '1953-04-21', 'Grátis', 'Pix'),
('915.478.032-23', 'Pietro Duarte', 'pietro.duarte@gmail.com', '_W0T#K86i4', '1996-07-24', 'Grátis', 'Crédito'),
('150.687.943-84', 'Lívia Cirino', 'livia.cirino@gmail.com', 'v17mBFz9%v', '1991-02-12', 'Grátis', 'Crédito'),
('960.573.284-00', 'Larissa Mendes', 'larissa.mendes@gmail.com', 'BQW6RY_n2_', '1999-05-10', 'Grátis', 'Crédito'),
('875.641.390-48', 'Apollo Carvalho', 'apollo.carvalho@gmail.com', '1p0J%pm!x&', '1967-02-21', 'Grátis', 'Débito'),
('518.039.724-32', 'Sabrina Sá', 'sabrina.sa@gmail.com', 'x*9Di(*qbV', '1996-01-25', 'Grátis', 'Pix'),
('142.537.689-46', 'Catarina Rodrigues', 'catarina.rodrigues@gmail.com', '$gA9*Jjj7k', '1950-08-05', 'Pago', 'Pix'),
('791.543.602-34', 'Clarice Pastor', 'clarice.pastor@gmail.com', '9fZHPbe(*l', '2004-07-21', 'Grátis', 'Débito'),
('946.105.238-33', 'João Miguel Nascimento', 'joaomiguel.nascimento@gmail.com', 'u*fUJ@Fm!5', '1946-02-06', 'Grátis', 'Crédito'),
('761.054.923-16', 'Enzo Camargo', 'enzo.camargo@gmail.com', '+b&Lmn8^&9', '1950-07-30', 'Grátis', 'Pix'),
('015.937.286-03', 'Carlos Eduardo Pires', 'carloseduardo.pires@gmail.com', '8*6iF2iNu#', '1966-12-14', 'Pago', 'Débito'),
('732.065.418-08', 'João Lucas da Mata', 'joaolucas.damata@gmail.com', 'E9EXx5%A!I', '1960-01-25', 'Grátis', 'Débito'),
('126.408.359-98', 'Fernando Jesus', 'fernando.jesus@gmail.com', 'Kn0JwoPa))', '1986-03-14', 'Grátis', 'Débito'),
('165.247.380-71', 'Léo Ferreira', 'leo.ferreira@gmail.com', 'Z7Aliswd&F', '1969-10-02', 'Grátis', 'Débito'),
('826.540.731-90', 'Alexandre da Cunha', 'alexandre.dacunha@gmail.com', 'N$7!wQa@_Q', '1980-04-13', 'Grátis', 'Pix'),
('413.827.609-22', 'Ayla Santos', 'ayla.santos@gmail.com', 'U@iyj6Nx3o', '1952-07-27', 'Pago', 'Pix'),
('519.234.876-55', 'Enzo Gabriel Cassiano', 'enzogabriel.cassiano@gmail.com', '4DPJ0Lmb*@', '1972-05-21', 'Grátis', 'Pix'),
('760.934.528-83', 'Benjamim Câmara', 'benjamim.camara@gmail.com', '%ZBQ17Zwsg', '1960-02-18', 'Grátis', 'Débito'),
('375.864.291-46', 'Anthony Gabriel Lopes', 'anthonygabriel.lopes@gmail.com', 'IKu$gvni@3', '1962-08-16', 'Pago', 'Crédito'),
('293.071.864-13', 'Diego Nunes', 'diego.nunes@gmail.com', 'x*2LIvWw6J', '1992-06-04', 'Pago', 'Crédito'),
('347.529.068-56', 'Gael Cunha', 'gael.cunha@gmail.com', 'qvs94Rqj!g', '1991-11-05', 'Pago', 'Pix'),
('531.970.682-03', 'Josué Cassiano', 'josue.cassiano@gmail.com', '__p6GWp()^', '1974-12-09', 'Pago', 'Débito'),
('845.309.712-79', 'Fernando Nunes', 'fernando.nunes@gmail.com', 'XX9jExaPF+', '2003-10-23', 'Pago', 'Crédito'),
('681.572.049-76', 'Igor Mendes', 'igor.mendes@gmail.com', '7xSlqV+z$3', '1964-06-24', 'Pago', 'Débito'),
('078.243.619-69', 'Cecília Jesus', 'cecilia.jesus@gmail.com', '7s1)7Pct_f', '1950-01-23', 'Grátis', 'Débito'),
('972.436.581-64', 'Allana da Cunha', 'allana.dacunha@gmail.com', 'j!9sK9Olx^', '1964-08-23', 'Grátis', 'Crédito'),
('403.867.952-74', 'Caleb Machado', 'caleb.machado@gmail.com', '2a1DQWKv#g', '1995-10-10', 'Pago', 'Crédito'),
('739.256.481-19', 'Lívia da Rocha', 'livia.darocha@gmail.com', '04yZ2dt^$a', '1984-09-25', 'Grátis', 'Crédito'),
('186.950.237-02', 'Ester Novaes', 'ester.novaes@gmail.com', 'ABu1PsQd(j', '2003-05-04', 'Pago', 'Pix'),
('214.906.738-22', 'Joana da Mota', 'joana.damota@gmail.com', '#9YhVniGFx', '1974-11-05', 'Grátis', 'Débito'),
('840.673.259-83', 'Liam Vieira', 'liam.vieira@gmail.com', '#92B^LRl1c', '1979-10-30', 'Pago', 'Crédito'),
('968.135.024-33', 'Emanuel da Cruz', 'emanuel.dacruz@gmail.com', 'ura96oXbr+', '1960-12-30', 'Grátis', 'Pix'),
('932.065.871-40', 'Eloá Leão', 'eloa.leao@gmail.com', '9oCNT(un!T', '2000-07-25', 'Grátis', 'Pix'),
('348.705.196-66', 'João Miguel da Mata', 'joaomiguel.damata@gmail.com', 'K2erSUzb$g', '1995-11-11', 'Grátis', 'Débito'),
('428.519.036-24', 'Raquel Monteiro', 'raquel.monteiro@gmail.com', '@bX$$JKF4k', '1974-03-04', 'Pago', 'Débito'),
('379.460.521-70', 'Ana Beatriz Viana', 'anabeatriz.viana@gmail.com', '_%Y0LQge(d', '1960-02-07', 'Pago', 'Crédito'),
('586.170.934-39', 'Rafael da Paz', 'rafael.dapaz@gmail.com', 'B^LoM&aF+6', '1978-07-30', 'Pago', 'Crédito'),
('271.538.049-60', 'João Miguel Ferreira', 'joaomiguel.ferreira@gmail.com', '*ILFQgSOs7', '1956-07-02', 'Pago', 'Débito'),
('139.650.872-40', 'Leonardo Souza', 'leonardo.souza@gmail.com', '_1SXX1v4Rg', '1945-01-10', 'Grátis', 'Pix'),
('094.721.638-31', 'Maria Helena Cavalcanti', 'mariahelena.cavalcanti@gmail.com', '%gc(PXdTN8', '1983-12-21', 'Grátis', 'Pix'),
('907.681.432-50', 'Benjamin Câmara', 'benjamin.camara@gmail.com', '6$9kU!Bm+#', '2003-07-06', 'Pago', 'Débito'),
('195.820.746-20', 'Carlos Eduardo Guerra', 'carloseduardo.guerra@gmail.com', '*MeM@$VjG4', '1981-10-27', 'Pago', 'Débito'),
('492.657.310-52', 'Cauã Duarte', 'caua.duarte@gmail.com', 'FT1mMQ&j@K', '2007-02-21', 'Pago', 'Débito'),
('437.609.815-93', 'Valentim Borges', 'valentim.borges@gmail.com', '!z3NNPsiIz', '1997-04-15', 'Pago', 'Crédito'),
('308.714.592-05', 'Kaique da Rosa', 'kaique.darosa@gmail.com', 'BM@m5KusKe', '1965-07-11', 'Pago', 'Crédito'),
('562.784.039-00', 'Bianca Pimenta', 'bianca.pimenta@gmail.com', 'p4OMYjve+3', '1957-02-01', 'Grátis', 'Pix'),
('352.798.061-02', 'Josué Andrade', 'josue.andrade@gmail.com', 'kZWsP@xn(1', '1984-11-06', 'Pago', 'Pix'),
('431.267.958-46', 'Maria Flor Azevedo', 'mariaflor.azevedo@gmail.com', '*Js7Nmx!BB', '1953-10-23', 'Pago', 'Pix'),
('914.267.380-13', 'Bianca Dias', 'bianca.dias@gmail.com', 'ZwZ8HqfP)W', '1965-01-11', 'Grátis', 'Débito'),
('629.408.153-05', 'Juliana Cardoso', 'juliana.cardoso@gmail.com', '_hw8$HEzz2', '2005-12-27', 'Grátis', 'Débito'),
('501.432.679-06', 'Maria Laura Barros', 'marialaura.barros@gmail.com', '1BJo$PYp(N', '1980-12-17', 'Grátis', 'Débito'),
('072.143.568-80', 'Yago Nunes', 'yago.nunes@gmail.com', ')GT6AX$jY#', '1947-03-20', 'Pago', 'Débito'),
('176.293.408-69', 'Davi Luiz Novaes', 'daviluiz.novaes@gmail.com', 'v9D6tQe%__', '1973-11-27', 'Grátis', 'Débito'),
('321.870.465-08', 'João Miguel Farias', 'joaomiguel.farias@gmail.com', '*6bBc3BZz2', '1965-04-17', 'Grátis', 'Crédito'),
('469.178.320-22', 'Ryan Garcia', 'ryan.garcia@gmail.com', 'lMOZ2Xna$Q', '1982-07-08', 'Pago', 'Débito'),
('287.493.651-00', 'Yan Rezende', 'yan.rezende@gmail.com', 'z)3Kx_Jk!&', '1958-08-19', 'Pago', 'Pix'),
('169.520.874-94', 'Eloah Azevedo', 'eloah.azevedo@gmail.com', '!GJPZ&hMa5', '1977-07-30', 'Pago', 'Crédito'),
('829.530.741-04', 'Giovanna Mendonça', 'giovanna.mendonca@gmail.com', '@&z1WWeO0v', '1981-01-28', 'Pago', 'Débito'),
('480.169.732-13', 'Fernanda Andrade', 'fernanda.andrade@gmail.com', 'RMTl*X)r+8', '1984-10-12', 'Pago', 'Pix'),
('149.652.037-80', 'Oliver Almeida', 'oliver.almeida@gmail.com', '(k4qT6RdR+', '1957-05-23', 'Grátis', 'Crédito'),
('437.158.692-91', 'Nicole Araújo', 'nicole.araujo@gmail.com', 'E$1o3Ohf3^', '1960-04-08', 'Grátis', 'Débito'),
('937.658.401-57', 'Luiz Henrique Sampaio', 'luizhenrique.sampaio@gmail.com', 'Jw(6Ezgnfc', '2001-04-12', 'Grátis', 'Pix'),
('692.481.530-89', 'Ana Carolina Moreira', 'anacarolina.moreira@gmail.com', '!8^3O&yD^O', '1947-06-11', 'Grátis', 'Débito'),
('617.034.829-13', 'Maria Luísa Sá', 'marialuisa.sa@gmail.com', '@R8MPwgxUQ', '1982-05-16', 'Grátis', 'Crédito'),
('083.215.746-53', 'Carolina Barros', 'carolina.barros@gmail.com', 'QcDkHtzu@8', '1952-11-10', 'Grátis', 'Crédito'),
('563.982.704-10', 'Gael Abreu', 'gael.abreu@gmail.com', 'qp75P&Rg(1', '1969-05-14', 'Grátis', 'Pix'),
('718.632.495-91', 'Luiz Henrique da Rocha', 'luizhenrique.darocha@gmail.com', '&1TUlvTuo(', '1994-09-19', 'Grátis', 'Crédito'),
('745.039.816-84', 'Marcelo da Rosa', 'marcelo.darosa@gmail.com', 'Ts42WbNd$3', '1956-05-29', 'Grátis', 'Pix'),
('386.427.195-91', 'Ayla Abreu', 'ayla.abreu@gmail.com', 'K617Naj+^_', '2005-01-17', 'Grátis', 'Crédito'),
('205.134.896-06', 'Yasmin Albuquerque', 'yasmin.albuquerque@gmail.com', 'zOP_2Ysx48', '1984-03-27', 'Grátis', 'Débito'),
('324.170.658-35', 'Benjamim Porto', 'benjamim.porto@gmail.com', '5gFW44ir^$', '1961-01-14', 'Pago', 'Débito'),
('519.683.427-37', 'Luísa Freitas', 'luisa.freitas@gmail.com', '8E@4i+N1_y', '2002-12-20', 'Grátis', 'Débito'),
('894.312.576-37', 'José Miguel Moraes', 'josemiguel.moraes@gmail.com', '!*p9bDHxgt', '1954-02-20', 'Grátis', 'Pix'),
('813.496.250-51', 'Vitor Nogueira', 'vitor.nogueira@gmail.com', ')8JIzIBXGp', '1950-03-07', 'Grátis', 'Pix'),
('106.723.859-02', 'Eduarda Gonçalves', 'eduarda.goncalves@gmail.com', '*0T!eO(ogD', '1992-09-14', 'Grátis', 'Débito'),
('186.035.927-21', 'Léo Ferreira', 'leo.ferreira@gmail.com', 'P*2YGoY3DR', '2001-06-03', 'Pago', 'Débito'),
('789.652.140-76', 'Pietra Vasconcelos', 'pietra.vasconcelos@gmail.com', 'ZY4!RBWg0)', '1974-11-08', 'Grátis', 'Pix'),
('230.976.514-70', 'Juan Costa', 'juan.costa@gmail.com', '(O8Yqf%SYy', '1949-08-24', 'Grátis', 'Débito'),
('019.347.685-10', 'Carlos Eduardo Novaes', 'carloseduardo.novaes@gmail.com', 'e_r9GMsbel', '1998-08-08', 'Grátis', 'Pix'),
('423.068.157-71', 'Isabella Correia', 'isabella.correia@gmail.com', '38v%YF#g%w', '1991-05-25', 'Grátis', 'Débito'),
('518.743.069-66', 'João Lucas Leão', 'joaolucas.leao@gmail.com', '&iIJ_9Ne!W', '1945-12-22', 'Pago', 'Crédito'),
('610.293.854-24', 'Ana Julia Leão', 'anajulia.leao@gmail.com', '5$6IJ!8p5f', '1981-01-09', 'Pago', 'Débito'),
('236.987.105-95', 'Liz Barbosa', 'liz.barbosa@gmail.com', 'y*7UraWGU0', '1975-09-25', 'Pago', 'Débito'),
('961.380.427-78', 'Maysa Costela', 'maysa.costela@gmail.com', '(!9%AT3i7v', '1962-02-15', 'Pago', 'Débito'),
('134.286.975-37', 'Lavínia das Neves', 'lavinia.dasneves@gmail.com', 'QW349cb30*', '1987-07-14', 'Pago', 'Débito'),
('538.149.672-91', 'Ísis da Luz', 'isis.daluz@gmail.com', 'w07Vyvx+)y', '1994-12-19', 'Pago', 'Crédito'),
('475.693.182-00', 'Lorenzo Rios', 'lorenzo.rios@gmail.com', 'bWGt!kGi^8', '2002-05-15', 'Grátis', 'Débito'),
('260.341.895-51', 'Nicole Martins', 'nicole.martins@gmail.com', '!lN7IC7khS', '1984-01-06', 'Pago', 'Débito'),
('496.085.327-10', 'Caroline Dias', 'caroline.dias@gmail.com', '4$+Jd6Bs^R', '2003-11-25', 'Grátis', 'Crédito'),
('837.509.146-48', 'Davi Miguel Albuquerque', 'davimiguel.albuquerque@gmail.com', '+4teSIQm79', '1958-10-06', 'Pago', 'Débito'),
('830.742.561-17', 'Davi Luiz Barbosa', 'daviluiz.barbosa@gmail.com', '$0mzHd40*F', '1999-08-03', 'Grátis', 'Pix'),
('204.965.813-33', 'Leonardo Sampaio', 'leonardo.sampaio@gmail.com', '+#A9QU@tkw', '1999-02-22', 'Grátis', 'Crédito'),
('561.378.294-64', 'Bento Marques', 'bento.marques@gmail.com', '81nqKIYx_u', '1980-10-18', 'Pago', 'Débito'),
('702.159.436-43', 'Josué Macedo', 'josue.macedo@gmail.com', '#vkiUz4tJ0', '2003-07-29', 'Grátis', 'Pix'),
('341.568.907-75', 'Marcela Almeida', 'marcela.almeida@gmail.com', '+TSfq_dn0r', '1989-05-18', 'Pago', 'Pix'),
('056.931.278-77', 'Arthur Miguel Barros', 'arthurmiguel.barros@gmail.com', '8%9RthIKNv', '1993-05-02', 'Grátis', 'Débito'),
('198.302.476-78', 'Matteo Novaes', 'matteo.novaes@gmail.com', 'be5m^P_sF$', '1991-01-16', 'Grátis', 'Crédito'),
('265.438.097-10', 'Yago Teixeira', 'yago.teixeira@gmail.com', 'WP62D_az*n', '1968-06-30', 'Pago', 'Pix'),
('867.052.319-12', 'Alana Campos', 'alana.campos@gmail.com', 'm_6GM1(wFM', '1950-11-01', 'Grátis', 'Débito'),
('256.413.089-51', 'Clara Aragão', 'clara.aragao@gmail.com', 'S78DKtxK$5', '1949-10-27', 'Pago', 'Crédito'),
('594.173.208-23', 'Júlia Monteiro', 'julia.monteiro@gmail.com', 'jzarPhVm$3', '1982-02-25', 'Pago', 'Débito'),
('467.821.039-31', 'Vitor Hugo da Costa', 'vitorhugo.dacosta@gmail.com', '!8snVnr!%s', '1953-12-04', 'Pago', 'Crédito'),
('872.410.563-53', 'Giovanna Marques', 'giovanna.marques@gmail.com', 'OO1sHHhD3+', '1944-09-30', 'Pago', 'Crédito'),
('723.618.045-90', 'Maria Mendonça', 'maria.mendonca@gmail.com', '_3F0PLcFR8', '1980-08-07', 'Pago', 'Pix'),
('812.065.934-15', 'Anthony Jesus', 'anthony.jesus@gmail.com', 'P$12TZGkp&', '1947-05-06', 'Grátis', 'Crédito'),
('276.348.951-64', 'José Miguel Fogaça', 'josemiguel.fogaca@gmail.com', 'K+4O2khB!h', '1995-03-22', 'Pago', 'Pix'),
('267.459.083-10', 'Heitor Nascimento', 'heitor.nascimento@gmail.com', '_5NuW2ueJd', '1988-02-03', 'Grátis', 'Pix'),
('543.617.082-07', 'Cecília Cirino', 'cecilia.cirino@gmail.com', 'Y3bjEMs4^Z', '1983-07-29', 'Pago', 'Crédito'),
('340.697.852-56', 'Ryan Campos', 'ryan.campos@gmail.com', 'NesybMKh_6', '1956-02-05', 'Pago', 'Pix'),
('379.841.526-91', 'Carolina Moura', 'carolina.moura@gmail.com', 'Q!7TpHv%Pq', '1970-02-11', 'Grátis', 'Débito'),
('014.759.638-66', 'Antonella Cardoso', 'antonella.cardoso@gmail.com', 'L%D1rZogPz', '1982-12-15', 'Grátis', 'Pix'),
('673.982.045-74', 'Bárbara Cardoso', 'barbara.cardoso@gmail.com', 'UwP&1ICm%D', '1963-12-04', 'Pago', 'Crédito'),
('427.619.830-50', 'Davi Lucca Aragão', 'davilucca.aragao@gmail.com', '_2!PhPXX7(', '1985-04-17', 'Grátis', 'Débito'),
('283.076.415-35', 'Zoe da Luz', 'zoe.daluz@gmail.com', '!30Rjk&N&M', '1989-03-14', 'Grátis', 'Pix'),
('931.257.804-97', 'Caleb Alves', 'caleb.alves@gmail.com', '1gPzMcSC#4', '1999-07-27', 'Grátis', 'Pix'),
('597.824.631-91', 'Raul Moreira', 'raul.moreira@gmail.com', '11GY#Ozc*9', '2005-03-30', 'Grátis', 'Crédito'),
('028.657.913-86', 'Laís Azevedo', 'lais.azevedo@gmail.com', '9%9FSBeUd_', '1976-01-11', 'Grátis', 'Crédito'),
('761.035.948-39', 'Zoe Moreira', 'zoe.moreira@gmail.com', '%!U39ZjdZv', '1970-06-26', 'Pago', 'Débito'),
('651.892.704-67', 'Lorena Martins', 'lorena.martins@gmail.com', '&$irkNfg0y', '1945-11-10', 'Pago', 'Débito'),
('841.203.679-40', 'Anthony da Mota', 'anthony.damota@gmail.com', '(#u9P7Abpj', '1945-07-25', 'Grátis', 'Crédito'),
('178.325.964-73', 'Paulo da Costa', 'paulo.dacosta@gmail.com', '4%Z74Wcy!J', '1986-09-12', 'Pago', 'Débito'),
('581.937.640-48', 'Enzo Sousa', 'enzo.sousa@gmail.com', 'S@uHjFhd(5', '1946-11-21', 'Pago', 'Pix'),
('314.580.769-20', 'Paulo Marques', 'paulo.marques@gmail.com', 'o60TZqKD@B', '1982-10-26', 'Pago', 'Pix'),
('802.769.153-21', 'Benicio Melo', 'benicio.melo@gmail.com', 'KfS00(Uxz)', '1972-08-20', 'Grátis', 'Crédito'),
('713.602.495-16', 'Bruna Moraes', 'bruna.moraes@gmail.com', '*0F!fLmaDj', '1957-09-11', 'Pago', 'Pix'),
('056.432.719-07', 'Bárbara Aragão', 'barbara.aragao@gmail.com', 'Y*JF9Mwf$x', '1953-03-30', 'Pago', 'Pix'),
('293.165.840-51', 'Antonella Mendes', 'antonella.mendes@gmail.com', '_iZD79hM^3', '1950-04-25', 'Pago', 'Débito'),
('425.730.891-50', 'Manuela Ferreira', 'manuela.ferreira@gmail.com', '&u1KN2uSc0', '1979-01-08', 'Pago', 'Pix'),
('401.539.827-05', 'Dom Mendes', 'dom.mendes@gmail.com', '!4EUNeooO(', '1992-11-03', 'Grátis', 'Débito'),
('512.906.847-58', 'Sarah Nogueira', 'sarah.nogueira@gmail.com', '^8$sCQTP(u', '1965-06-13', 'Grátis', 'Débito'),
('154.927.380-97', 'Rafaela Moreira', 'rafaela.moreira@gmail.com', '^pO6Jexkt(', '1968-08-11', 'Grátis', 'Débito'),
('615.842.793-46', 'Maria Alice Melo', 'mariaalice.melo@gmail.com', 'R&e2JwXc7t', '1954-09-22', 'Pago', 'Débito'),
('753.462.108-90', 'Pietro Nascimento', 'pietro.nascimento@gmail.com', '*O(28Nuy4u', '1983-06-18', 'Pago', 'Pix'),
('703.156.482-44', 'Ravi da Rosa', 'ravi.darosa@gmail.com', 'e*uY2YNpkn', '1975-05-27', 'Grátis', 'Débito'),
('905.137.286-86', 'Gael Henrique Cirino', 'gaelhenrique.cirino@gmail.com', '(D)2VtoaRG', '1966-08-24', 'Pago', 'Pix'),
('250.386.491-06', 'Thiago Vargas', 'thiago.vargas@gmail.com', '8)!9v7Tq*8', '1977-10-18', 'Grátis', 'Crédito'),
('165.073.982-68', 'Matteo Costa', 'matteo.costa@gmail.com', 'A3ZLv1iN&r', '2006-02-16', 'Pago', 'Débito'),
('618.497.523-46', 'Manuella Castro', 'manuella.castro@gmail.com', 'eP0$Rqwnk+', '2002-11-25', 'Pago', 'Débito'),
('501.742.639-61', 'Matheus Pacheco', 'matheus.pacheco@gmail.com', '^Hgf(Kbbt3', '1963-07-02', 'Grátis', 'Pix'),
('710.642.958-94', 'João Felipe Rodrigues', 'joaofelipe.rodrigues@gmail.com', 'EV^0FKPy_p', '1952-11-15', 'Pago', 'Débito'),
('943.275.180-50', 'Nathan Gonçalves', 'nathan.goncalves@gmail.com', '(0BqaHqCKN', '1955-11-29', 'Grátis', 'Pix'),
('398.762.014-50', 'Elisa Porto', 'elisa.porto@gmail.com', '_5A5K@i0SY', '1961-01-19', 'Pago', 'Pix'),
('763.145.289-09', 'Davi Luiz Oliveira', 'daviluiz.oliveira@gmail.com', '7O$@9PcxpO', '2005-09-15', 'Grátis', 'Pix'),
('148.960.375-10', 'Juan Araújo', 'juan.araujo@gmail.com', '+V0I)t9I%(', '1969-02-15', 'Pago', 'Débito'),
('519.428.360-15', 'Danilo Melo', 'danilo.melo@gmail.com', '_H35pSZq!8', '1995-01-04', 'Pago', 'Débito'),
('543.709.261-06', 'Melissa Oliveira', 'melissa.oliveira@gmail.com', 'qiT6JAb^2!', '1988-08-06', 'Grátis', 'Pix'),
('569.278.431-91', 'Diogo das Neves', 'diogo.dasneves@gmail.com', 'KM1D5M%e(z', '1999-04-10', 'Grátis', 'Pix'),
('857.032.916-40', 'Pedro Miguel Martins', 'pedromiguel.martins@gmail.com', 't7xbQfes$1', '1957-08-28', 'Pago', 'Pix'),
('654.810.937-66', 'Théo Caldeira', 'theo.caldeira@gmail.com', '!3ECurC^J5', '1949-02-08', 'Grátis', 'Crédito'),
('216.097.835-30', 'Calebe Freitas', 'calebe.freitas@gmail.com', '_1LfC6c4U4', '1996-07-16', 'Grátis', 'Crédito'),
('203.897.146-31', 'Cecília Albuquerque', 'cecilia.albuquerque@gmail.com', '!o^St4VFy6', '1955-08-21', 'Grátis', 'Débito'),
('287.634.051-80', 'Ana Sophia Vieira', 'anasophia.vieira@gmail.com', 'Ql(I7IBlDL', '1975-04-09', 'Grátis', 'Crédito'),
('425.301.987-05', 'Lucca Cavalcanti', 'lucca.cavalcanti@gmail.com', 'woXghlDY*1', '1993-08-23', 'Pago', 'Crédito'),
('413.867.092-04', 'Isabela Marques', 'isabela.marques@gmail.com', '+s6KJJC($9', '1996-05-01', 'Grátis', 'Crédito'),
('238.571.406-07', 'Asafe Dias', 'asafe.dias@gmail.com', '*iOD%1xi23', '1944-11-07', 'Grátis', 'Débito'),
('352.067.914-07', 'Ravi Lucca Brito', 'ravilucca.brito@gmail.com', '%o5IMch5p#', '1973-10-20', 'Pago', 'Pix'),
('918.250.736-86', 'Ana Júlia Cirino', 'anajulia.cirino@gmail.com', 'qt5Eukn1N%', '2004-01-17', 'Grátis', 'Pix'),
('914.372.056-07', 'Liz Brito', 'liz.brito@gmail.com', 'ba&L4AgJV!', '1968-08-02', 'Pago', 'Pix'),
('918.473.062-50', 'Augusto Pimenta', 'augusto.pimenta@gmail.com', 'z#83E)v_7_', '1999-06-11', 'Grátis', 'Débito'),
('705.462.381-90', 'Vinicius Cassiano', 'vinicius.cassiano@gmail.com', 'T0nJRmey@3', '1993-01-10', 'Grátis', 'Crédito'),
('209.713.654-07', 'Nicolas Peixoto', 'nicolas.peixoto@gmail.com', 'eqnN&0JoK+', '1989-04-29', 'Pago', 'Pix'),
('425.691.803-51', 'Ravy Sampaio', 'ravy.sampaio@gmail.com', ')28B_3sWtA', '1999-03-03', 'Grátis', 'Crédito'),
('103.985.724-88', 'Liz Casa Grande', 'liz.casagrande@gmail.com', 'i@FD@6R6Uj', '1983-08-26', 'Pago', 'Crédito'),
('390.714.562-34', 'Valentim Guerra', 'valentim.guerra@gmail.com', 'rhqTP*1c@0', '2002-10-04', 'Grátis', 'Pix'),
('092.416.758-02', 'Henry Gabriel Campos', 'henrygabriel.campos@gmail.com', '+&8xLLcz^E', '1953-12-10', 'Pago', 'Pix'),
('402.987.561-02', 'Isabela Câmara', 'isabela.camara@gmail.com', 'S+f2eGLS5a', '1990-09-15', 'Pago', 'Pix'),
('479.532.860-92', 'Henry Gabriel Duarte', 'henrygabriel.duarte@gmail.com', 'fm#dAoTo*3', '1962-03-13', 'Grátis', 'Crédito'),
('364.150.728-62', 'Leandro Vasconcelos', 'leandro.vasconcelos@gmail.com', 'fa9xLe+_u*', '1959-09-17', 'Pago', 'Débito'),
('589.104.762-49', 'Ana Beatriz Pereira', 'anabeatriz.pereira@gmail.com', '!45nb(0oHA', '1945-07-31', 'Grátis', 'Pix'),
('509.247.386-00', 'Ana Vitória Sá', 'anavitoria.sa@gmail.com', 'UyfFj6lk_9', '1982-12-13', 'Pago', 'Crédito'),
('504.726.193-06', 'Laís Rezende', 'lais.rezende@gmail.com', '+5ndXLOul6', '1954-08-15', 'Pago', 'Débito'),
('975.106.284-58', 'Bárbara Oliveira', 'barbara.oliveira@gmail.com', '8iQGEzq9!%', '1984-01-07', 'Pago', 'Pix'),
('236.871.904-04', 'Raul da Rocha', 'raul.darocha@gmail.com', '_N850Dfblu', '1993-06-07', 'Pago', 'Pix'),
('761.928.450-85', 'Maria Laura Casa Grande', 'marialaura.casagrande@gmail.com', '^bWyTFzOA1', '1970-02-03', 'Grátis', 'Débito'),
('718.024.956-49', 'Henry Gabriel Fernandes', 'henrygabriel.fernandes@gmail.com', '+gS4FjZmUt', '1960-10-12', 'Grátis', 'Pix'),
('761.435.289-00', 'Augusto Casa Grande', 'augusto.casagrande@gmail.com', 'P*vw6Ezv^0', '1992-09-07', 'Pago', 'Pix'),
('897.053.261-77', 'Guilherme das Neves', 'guilherme.dasneves@gmail.com', '5#P(7AhM%D', '2000-04-25', 'Pago', 'Débito'),
('175.264.308-90', 'Melissa Ribeiro', 'melissa.ribeiro@gmail.com', 'W5VtTdr+%1', '1958-09-04', 'Pago', 'Débito'),
('718.364.590-84', 'Agatha Ramos', 'agatha.ramos@gmail.com', 'C0IqAdWg^H', '1996-08-27', 'Grátis', 'Débito'),
('254.698.137-46', 'Vitor Gabriel das Neves', 'vitorgabriel.dasneves@gmail.com', 'S+9ZL5rWvr', '1980-07-17', 'Pago', 'Pix'),
('801.253.764-80', 'Maitê Sales', 'maite.sales@gmail.com', '9Yr4oKKk#6', '1971-02-07', 'Pago', 'Débito'),
('389.726.504-47', 'Maria Laura Brito', 'marialaura.brito@gmail.com', 'O^0FeBRh^p', '1945-06-24', 'Grátis', 'Pix'),
('438.106.795-93', 'Rodrigo Sousa', 'rodrigo.sousa@gmail.com', '^0Haio9C2j', '1999-07-02', 'Pago', 'Pix'),
('254.860.719-49', 'Matteo Marques', 'matteo.marques@gmail.com', '2&P3G)TipC', '1990-06-09', 'Pago', 'Débito'),
('731.956.804-75', 'Erick Novaes', 'erick.novaes@gmail.com', '#q922CZmSS', '1996-12-10', 'Grátis', 'Crédito'),
('465.192.837-46', 'Arthur Gabriel Peixoto', 'arthurgabriel.peixoto@gmail.com', 'ZjsnR%rA$1', '1993-04-06', 'Pago', 'Pix'),
('721.604.398-78', 'Raquel Souza', 'raquel.souza@gmail.com', '*ZT28@Yr&u', '1993-06-10', 'Pago', 'Crédito'),
('836.059.721-95', 'Lucas Gabriel Nogueira', 'lucasgabriel.nogueira@gmail.com', 'A5+7McYy#3', '1945-10-23', 'Pago', 'Débito'),
('154.768.293-00', 'Sabrina Fernandes', 'sabrina.fernandes@gmail.com', 'u7L4tgQG+A', '1993-08-16', 'Pago', 'Débito'),
('946.831.705-66', 'Maria Fernanda da Costa', 'mariafernanda.dacosta@gmail.com', ')3Un!i(qi)', '1963-08-01', 'Grátis', 'Débito'),
('078.596.231-02', 'Luana Rezende', 'luana.rezende@gmail.com', '4+E3Mlr%HC', '1964-01-05', 'Grátis', 'Crédito'),
('734.689.105-84', 'Joaquim Sá', 'joaquim.sa@gmail.com', '*E0OECo0H1', '1986-12-31', 'Pago', 'Pix'),
('532.041.986-42', 'Daniel Rocha', 'daniel.rocha@gmail.com', '+h2JyKeJK7', '1953-09-10', 'Pago', 'Crédito'),
('094.321.768-78', 'Caleb Fogaça', 'caleb.fogaca@gmail.com', 'Yve3gIZv^0', '1954-04-04', 'Pago', 'Pix'),
('258.063.749-47', 'Larissa Guerra', 'larissa.guerra@gmail.com', 'Zy*mJM6r#8', '1953-05-01', 'Pago', 'Pix'),
('182.679.503-03', 'João Pedro Nunes', 'joaopedro.nunes@gmail.com', 'IO5LIIaYo#', '1984-11-27', 'Pago', 'Crédito'),
('746.153.820-90', 'Sarah Gomes', 'sarah.gomes@gmail.com', 'RQ$4Rc2B#(', '1958-07-13', 'Pago', 'Crédito'),
('671.830.254-62', 'Yan Pacheco', 'yan.pacheco@gmail.com', '5wx6DhpS$M', '2006-12-11', 'Grátis', 'Débito'),
('804.963.527-92', 'Isabella Nogueira', 'isabella.nogueira@gmail.com', 'q40oacFxZ^', '1957-11-18', 'Pago', 'Débito'),
('189.432.057-32', 'Hellena Peixoto', 'hellena.peixoto@gmail.com', '(7fTrzlS^T', '1965-03-29', 'Grátis', 'Débito'),
('458.076.213-44', 'André Silveira', 'andre.silveira@gmail.com', '&64F9KY2na', '1988-11-27', 'Pago', 'Crédito'),
('256.740.389-29', 'Antonella Lima', 'antonella.lima@gmail.com', '%IcSAwyvY7', '1988-03-02', 'Grátis', 'Pix'),
('058.172.963-30', 'Sarah Azevedo', 'sarah.azevedo@gmail.com', '_Nm1WjMphH', '1989-10-21', 'Grátis', 'Pix'),
('932.764.518-91', 'Gael Henrique das Neves', 'gaelhenrique.dasneves@gmail.com', 'T*0yGqPx3$', '1952-11-30', 'Pago', 'Débito'),
('627.918.504-49', 'Théo Barros', 'theo.barros@gmail.com', 'Q6$Y4MAb+^', '2004-03-29', 'Pago', 'Crédito'),
('840.165.927-20', 'Enrico Rios', 'enrico.rios@gmail.com', 'k2Htk@E%_2', '1990-05-06', 'Grátis', 'Crédito'),
('208.745.913-41', 'Enrico Nogueira', 'enrico.nogueira@gmail.com', '7YhBZ+jS_8', '1974-07-23', 'Pago', 'Débito'),
('961.430.587-84', 'Esther Macedo', 'esther.macedo@gmail.com', 'k@2GTIOfjQ', '1982-09-01', 'Grátis', 'Pix'),
('318.740.562-26', 'Cecilia Lopes', 'cecilia.lopes@gmail.com', 'U@63NRGfUT', '1965-06-07', 'Grátis', 'Débito'),
('768.142.530-62', 'Olívia Teixeira', 'olivia.teixeira@gmail.com', '$Zl3PQvWx+', '1945-02-12', 'Grátis', 'Pix'),
('106.243.985-60', 'Davi Miguel Caldeira', 'davimiguel.caldeira@gmail.com', '@aX6Mb388N', '1985-12-06', 'Pago', 'Débito'),
('863.790.415-75', 'José Pedro Siqueira', 'josepedro.siqueira@gmail.com', '#5BkrgKA06', '1973-04-07', 'Grátis', 'Pix'),
('185.309.647-48', 'Maria Liz Fogaça', 'marializ.fogaca@gmail.com', '#yHsxVbD^8', '1995-04-22', 'Pago', 'Débito'),
('510.438.279-60', 'Luísa Correia', 'luisa.correia@gmail.com', '43$4GIe^(k', '1962-07-20', 'Grátis', 'Pix'),
('693.207.841-40', 'Sophia Castro', 'sophia.castro@gmail.com', 'C65Jy*$s&U', '1961-04-16', 'Grátis', 'Débito'),
('439.715.028-14', 'Rael Cassiano', 'rael.cassiano@gmail.com', ')dVzvXv42o', '1946-05-07', 'Pago', 'Pix'),
('502.891.367-68', 'Gabriela Teixeira', 'gabriela.teixeira@gmail.com', '8OF2Rcua(S', '1967-12-29', 'Pago', 'Pix'),
('907.384.612-96', 'Alícia Teixeira', 'alicia.teixeira@gmail.com', '%3pBPIvM0y', '1979-12-12', 'Pago', 'Pix'),
('179.024.538-97', 'Ana Cecília Peixoto', 'anacecilia.peixoto@gmail.com', '+dsBCa#uf8', '1989-04-20', 'Grátis', 'Crédito'),
('207.461.835-26', 'Vitória Guerra', 'vitoria.guerra@gmail.com', 'l4I3K36d^k', '1958-12-13', 'Grátis', 'Débito'),
('031.879.425-04', 'Joaquim Nogueira', 'joaquim.nogueira@gmail.com', 'w80I&VYq)b', '1979-03-04', 'Grátis', 'Pix'),
('981.746.253-64', 'Davi Luiz Rezende', 'daviluiz.rezende@gmail.com', 'e+e29TN7(9', '2003-02-21', 'Grátis', 'Débito'),
('264.305.789-92', 'Lucas Gabriel Dias', 'lucasgabriel.dias@gmail.com', '$oSEhX_Jh1', '1973-10-02', 'Grátis', 'Débito'),
('372.591.846-55', 'Olivia Nogueira', 'olivia.nogueira@gmail.com', 'xCGP@iuY!5', '1967-04-24', 'Pago', 'Crédito'),
('450.629.837-38', 'Vitor Gabriel Monteiro', 'vitorgabriel.monteiro@gmail.com', '_5qQSMhk&j', '1962-06-24', 'Pago', 'Pix'),
('760.453.289-65', 'Davi Luiz Guerra', 'daviluiz.guerra@gmail.com', 'SZTA*1CphH', '1951-03-04', 'Grátis', 'Crédito'),
('839.674.120-40', 'Lavínia da Luz', 'lavinia.daluz@gmail.com', '#tW*1iHlU3', '1962-02-18', 'Grátis', 'Pix'),
('856.314.729-37', 'Ravi Lucca Rodrigues', 'ravilucca.rodrigues@gmail.com', 'Z)UU0KYc%I', '1980-08-09', 'Pago', 'Débito'),
('256.870.419-58', 'Alexandre Fernandes', 'alexandre.fernandes@gmail.com', '*^)+hHiGG5', '1985-02-18', 'Pago', 'Crédito'),
('271.634.058-71', 'Carlos Eduardo Marques', 'carloseduardo.marques@gmail.com', '@54WxwBJm*', '2004-05-19', 'Grátis', 'Crédito'),
('745.980.612-94', 'Léo Pinto', 'leo.pinto@gmail.com', 'ERx!1*JfYT', '1956-10-14', 'Grátis', 'Pix'),
('453.769.801-20', 'Heitor Campos', 'heitor.campos@gmail.com', '&q7WO!OolE', '1993-09-11', 'Grátis', 'Crédito'),
('094.217.365-16', 'Josué Carvalho', 'josue.carvalho@gmail.com', 'e@lktVqf+2', '1975-02-28', 'Pago', 'Crédito'),
('853.942.170-41', 'Ana Julia Aragão', 'anajulia.aragao@gmail.com', '@8Px3ORf47', '1960-10-06', 'Pago', 'Pix'),
('594.306.781-75', 'Maria Alves', 'maria.alves@gmail.com', 'LrxFCA_S&1', '1957-01-09', 'Pago', 'Pix'),
('203.659.784-00', 'Julia Melo', 'julia.melo@gmail.com', 'D_8K@OdA&T', '1978-12-04', 'Pago', 'Pix'),
('349.820.765-29', 'Bruna Carvalho', 'bruna.carvalho@gmail.com', 'C0d9WNpZ(r', '1956-07-24', 'Grátis', 'Crédito'),
('931.754.286-73', 'Sabrina Cardoso', 'sabrina.cardoso@gmail.com', '@4IAcusgVl', '2000-10-21', 'Pago', 'Débito'),
('632.457.019-34', 'Brayan Peixoto', 'brayan.peixoto@gmail.com', '6_Uq0Cwrdv', '1999-11-12', 'Grátis', 'Pix'),
('057.439.618-75', 'Enrico da Rocha', 'enrico.darocha@gmail.com', 'ItT4WGVs*D', '1956-12-09', 'Pago', 'Pix'),
('901.864.327-04', 'Joaquim Aparecida', 'joaquim.aparecida@gmail.com', '#5M0p#k^34', '1990-01-16', 'Grátis', 'Pix'),
('243.680.597-00', 'Nathan da Cunha', 'nathan.dacunha@gmail.com', 'TRj5Ydn%y+', '1992-07-09', 'Grátis', 'Débito'),
('671.542.839-55', 'Davi Miguel Sousa', 'davimiguel.sousa@gmail.com', '#uA4Or#mGC', '1994-09-27', 'Grátis', 'Crédito'),
('486.732.095-10', 'Maria Julia Lima', 'mariajulia.lima@gmail.com', '&6%EMxc)Up', '2005-03-28', 'Pago', 'Crédito'),
('409.618.257-58', 'Otávio Viana', 'otavio.viana@gmail.com', '*Y$!7EfoWQ', '1962-02-20', 'Grátis', 'Crédito'),
('379.850.164-57', 'Maria Laura Aparecida', 'marialaura.aparecida@gmail.com', '+p0HTCir%x', '1971-11-05', 'Pago', 'Pix'),
('036.892.417-31', 'Juan Camargo', 'juan.camargo@gmail.com', '(VTg^kD^6w', '1962-08-31', 'Grátis', 'Pix'),
('923.781.604-96', 'Cecilia Rios', 'cecilia.rios@gmail.com', 'lL7z5kIq*@', '1986-11-12', 'Pago', 'Crédito'),
('054.673.812-53', 'Ana Carolina Sousa', 'anacarolina.sousa@gmail.com', 'h*O7EZx6$#', '1968-09-05', 'Pago', 'Crédito'),
('178.342.569-55', 'Sarah Sousa', 'sarah.sousa@gmail.com', 'so)2Ftat1M', '1962-11-06', 'Pago', 'Débito'),
('281.574.936-09', 'Benjamim Farias', 'benjamim.farias@gmail.com', 'mS3Jx#e#Q$', '1985-10-12', 'Grátis', 'Crédito'),
('137.940.862-87', 'Otto Lima', 'otto.lima@gmail.com', 'wk!9Ebdj&*', '1966-11-19', 'Pago', 'Débito'),
('908.371.625-21', 'Yuri Farias', 'yuri.farias@gmail.com', '#xEweUkq94', '1948-05-05', 'Grátis', 'Pix'),
('068.794.213-69', 'Rebeca Machado', 'rebeca.machado@gmail.com', 'occ9_R&%4+', '2003-12-13', 'Grátis', 'Débito'),
('839.164.702-13', 'Pietra Jesus', 'pietra.jesus@gmail.com', '$2GoJ89Y36', '1944-12-12', 'Pago', 'Pix'),
('497.086.531-01', 'Marcos Vinicius Ferreira', 'marcosvinicius.ferreira@gmail.com', 'OizlSXsn#2', '1996-09-26', 'Pago', 'Pix'),
('726.895.103-59', 'Davi Nogueira', 'davi.nogueira@gmail.com', ')%@L5GMpDX', '1955-03-11', 'Pago', 'Débito'),
('623.519.478-19', 'Alexia Novais', 'alexia.novais@gmail.com', '%U43D7mpT(', '1949-05-22', 'Grátis', 'Crédito'),
('591.230.846-42', 'Maria Flor da Rocha', 'mariaflor.darocha@gmail.com', '^_9C5oXmmL', '1970-07-27', 'Pago', 'Crédito'),
('329.456.701-43', 'Ester Vargas', 'ester.vargas@gmail.com', 'e8$Blqg9%l', '1946-06-22', 'Grátis', 'Crédito'),
('167.439.528-00', 'Caleb Câmara', 'caleb.camara@gmail.com', 'P5!MrC@B$f', '1993-12-16', 'Pago', 'Débito'),
('340.185.769-00', 'Luiz Fernando Cunha', 'luizfernando.cunha@gmail.com', 'fb12O3sm$$', '1977-08-19', 'Pago', 'Pix'),
('610.943.258-05', 'Luan Peixoto', 'luan.peixoto@gmail.com', '&ft^Jv7pk2', '1988-08-28', 'Pago', 'Crédito'),
('160.534.289-06', 'Sofia Nogueira', 'sofia.nogueira@gmail.com', '#0i1xEcA#s', '1974-05-21', 'Pago', 'Crédito'),
('435.860.927-92', 'Luigi Sampaio', 'luigi.sampaio@gmail.com', '+zv0YPyeKG', '1974-11-10', 'Grátis', 'Crédito'),
('063.172.489-31', 'Nina Silva', 'nina.silva@gmail.com', '^l0SAxCXW9', '1994-09-08', 'Grátis', 'Pix'),
('035.278.469-56', 'Maria Julia Nascimento', 'mariajulia.nascimento@gmail.com', '@Ny)s_Gq(8', '1963-12-30', 'Grátis', 'Pix'),
('891.603.452-33', 'Gael Nogueira', 'gael.nogueira@gmail.com', '*c5AG9rAhQ', '1989-04-25', 'Grátis', 'Pix'),
('085.346.192-98', 'Vitor Gabriel Silveira', 'vitorgabriel.silveira@gmail.com', '*h8YQn)42C', '1964-10-01', 'Grátis', 'Crédito'),
('529.741.380-04', 'Maria Vitória Aparecida', 'mariavitoria.aparecida@gmail.com', '(2HgpEPUbe', '1975-11-24', 'Pago', 'Pix'),
('276.458.139-46', 'Ian Lopes', 'ian.lopes@gmail.com', 'a*2L^cqFmH', '2002-07-23', 'Pago', 'Crédito'),
('240.168.397-69', 'Leandro Almeida', 'leandro.almeida@gmail.com', 'Vx!y3lXv!h', '1951-03-16', 'Pago', 'Débito'),
('608.471.529-01', 'Valentim Cassiano', 'valentim.cassiano@gmail.com', 'vC9TS^Sj($', '1950-02-11', 'Pago', 'Débito'),
('135.902.674-61', 'Joana da Cruz', 'joana.dacruz@gmail.com', 'a6KDxesH(Q', '1992-04-12', 'Grátis', 'Pix'),
('732.910.865-03', 'Igor Moura', 'igor.moura@gmail.com', 'yiEF1Iib_4', '1956-08-12', 'Grátis', 'Crédito'),
('457.832.091-04', 'Lucas Gabriel Freitas', 'lucasgabriel.freitas@gmail.com', 'Odd*Cc9U@9', '1985-02-19', 'Pago', 'Pix'),
('642.780.531-26', 'Fernanda Barros', 'fernanda.barros@gmail.com', 'G+PP6Pi*Df', '1958-06-04', 'Grátis', 'Débito'),
('465.897.203-47', 'Luiz Gustavo Castro', 'luizgustavo.castro@gmail.com', 'c1B+iMKi#Q', '1953-11-08', 'Grátis', 'Débito'),
('102.578.396-40', 'Emanuelly da Cunha', 'emanuelly.dacunha@gmail.com', 'zb2HHvB5*f', '1983-05-22', 'Grátis', 'Débito'),
('321.045.967-34', 'Matheus Fonseca', 'matheus.fonseca@gmail.com', '0lxXaU^L$Z', '1973-04-14', 'Pago', 'Pix'),
('401.978.256-30', 'Pedro Henrique Cavalcanti', 'pedrohenrique.cavalcanti@gmail.com', '$DRxQpl1J4', '1959-03-04', 'Grátis', 'Débito'),
('195.037.864-01', 'Ana Luiza Castro', 'analuiza.castro@gmail.com', '_a0f%XKg!g', '2000-12-02', 'Grátis', 'Crédito'),
('421.907.683-22', 'Luara Martins', 'luara.martins@gmail.com', '@*0xNdSfno', '2000-05-21', 'Pago', 'Crédito'),
('243.198.705-14', 'Felipe Siqueira', 'felipe.siqueira@gmail.com', 'lX4lZa^t%^', '1984-02-28', 'Pago', 'Crédito'),
('476.280.351-08', 'Mathias Novais', 'mathias.novais@gmail.com', 'Pdrn*0Rn$9', '2007-01-24', 'Pago', 'Pix'),
('210.856.734-80', 'Gustavo Henrique Albuquerque', 'gustavohenrique.albuquerque@gmail.com', 'N_r4)QoU^5', '1981-07-29', 'Pago', 'Débito'),
('247.931.605-06', 'Otto Câmara', 'otto.camara@gmail.com', '844XsF4q@A', '1975-09-06', 'Pago', 'Crédito'),
('640.935.278-65', 'Ana Cecília Jesus', 'anacecilia.jesus@gmail.com', 'mCHDq7FqU(', '1997-10-03', 'Grátis', 'Pix'),
('583.047.962-10', 'Aurora Rezende', 'aurora.rezende@gmail.com', '_!#1M8gJs*', '1961-11-24', 'Grátis', 'Pix'),
('184.079.356-20', 'Aurora da Paz', 'aurora.dapaz@gmail.com', 'OMo85HHkc@', '1944-12-18', 'Grátis', 'Crédito'),
('634.079.218-96', 'Alícia da Rocha', 'alicia.darocha@gmail.com', 'zE5kUFze0!', '1990-03-24', 'Pago', 'Débito'),
('870.169.452-94', 'Maya Leão', 'maya.leao@gmail.com', 'ZOuB*Rsx(8', '1946-12-17', 'Pago', 'Pix'),
('735.698.014-20', 'Julia das Neves', 'julia.dasneves@gmail.com', '*_jA7Xva*&', '1989-04-24', 'Pago', 'Crédito'),
('793.401.652-25', 'Luara Rios', 'luara.rios@gmail.com', '@vz+jgLdp7', '1964-11-20', 'Pago', 'Crédito'),
('840.529.617-49', 'Renan Correia', 'renan.correia@gmail.com', '@2!UdnJl43', '1948-07-08', 'Grátis', 'Crédito'),
('549.712.083-05', 'Théo Oliveira', 'theo.oliveira@gmail.com', '((6LsBtOm&', '1973-05-23', 'Pago', 'Débito'),
('158.329.460-06', 'Alexandre Mendes', 'alexandre.mendes@gmail.com', 'y()5u8Mgd@', '1971-11-27', 'Pago', 'Crédito'),
('170.435.962-70', 'João Freitas', 'joao.freitas@gmail.com', '%m9OUGPVf6', '1996-11-04', 'Grátis', 'Pix'),
('610.382.594-60', 'Catarina Novais', 'catarina.novais@gmail.com', 'CG0_0LnfL4', '1967-03-23', 'Pago', 'Pix'),
('026.817.953-03', 'Benjamim Macedo', 'benjamim.macedo@gmail.com', 'P3*Nj59A+g', '1948-10-19', 'Grátis', 'Crédito'),
('214.856.379-37', 'Olivia Viana', 'olivia.viana@gmail.com', 'k0CU(vPm#Z', '1966-08-11', 'Grátis', 'Crédito'),
('913.572.806-02', 'Heitor Cavalcanti', 'heitor.cavalcanti@gmail.com', 'kt3CYnvb*%', '1949-10-18', 'Grátis', 'Crédito'),
('024.638.157-44', 'Thales Nogueira', 'thales.nogueira@gmail.com', 'BM6sxVvl^(', '1974-10-06', 'Pago', 'Crédito'),
('109.837.652-86', 'Laura Duarte', 'laura.duarte@gmail.com', '74#JdGio#g', '1985-05-27', 'Grátis', 'Pix'),
('407.196.538-00', 'Maitê Melo', 'maite.melo@gmail.com', '!JY6sIaXr#', '1978-10-08', 'Grátis', 'Débito'),
('647.389.120-03', 'Josué Sousa', 'josue.sousa@gmail.com', 'Nv2CeqxD@)', '1988-12-04', 'Pago', 'Crédito'),
('280.465.913-51', 'Otto Barbosa', 'otto.barbosa@gmail.com', 'U@8EjJfmKv', '1964-09-26', 'Grátis', 'Crédito'),
('062.479.813-50', 'Anthony Gabriel Porto', 'anthonygabriel.porto@gmail.com', 'jJW(j9Jl!W', '1950-01-19', 'Grátis', 'Pix'),
('759.820.361-02', 'Daniela Campos', 'daniela.campos@gmail.com', 'm(4ZrWwXf%', '1961-08-04', 'Pago', 'Crédito'),
('354.812.907-23', 'Daniela Sales', 'daniela.sales@gmail.com', '_08psWUPtN', '1966-02-27', 'Grátis', 'Débito'),
('386.502.417-35', 'Mateus Porto', 'mateus.porto@gmail.com', 'J+WiJ0Ld@8', '1952-02-09', 'Grátis', 'Crédito'),
('973.568.021-12', 'Cecília Machado', 'cecilia.machado@gmail.com', '@v^mV+sbl3', '2004-11-01', 'Grátis', 'Crédito'),
('926.834.715-64', 'Alícia Novaes', 'alicia.novaes@gmail.com', '99YXtNua@E', '1994-03-29', 'Grátis', 'Débito'),
('476.598.130-48', 'Sofia Farias', 'sofia.farias@gmail.com', '^0H)OPB*$w', '1945-02-11', 'Grátis', 'Pix'),
('315.076.428-90', 'João Gabriel Correia', 'joaogabriel.correia@gmail.com', 'G4LlO34#!o', '1988-07-14', 'Pago', 'Pix'),
('547.016.982-02', 'Ana Vitória Azevedo', 'anavitoria.azevedo@gmail.com', 'D2SlcaDi_j', '1980-03-05', 'Pago', 'Débito'),
('789.452.031-41', 'Caroline da Cunha', 'caroline.dacunha@gmail.com', '+7A52l4gLY', '1945-02-02', 'Grátis', 'Débito'),
('932.758.160-12', 'Laís Nunes', 'lais.nunes@gmail.com', ')@#0ZKVjuH', '1967-08-14', 'Pago', 'Pix'),
('207.689.134-03', 'João Vitor Monteiro', 'joaovitor.monteiro@gmail.com', '5ED9dKgw$a', '1988-07-02', 'Pago', 'Crédito'),
('456.372.819-55', 'Lorena Vieira', 'lorena.vieira@gmail.com', '^A_1F@ioS8', '1972-08-20', 'Pago', 'Crédito'),
('309.786.452-00', 'Stephany Siqueira', 'stephany.siqueira@gmail.com', '6!JqibwL^M', '2006-08-26', 'Pago', 'Pix'),
('217.893.045-04', 'João Vitor Lopes', 'joaovitor.lopes@gmail.com', 'C)5XK7Mt1R', '1984-05-11', 'Grátis', 'Débito'),
('497.013.628-96', 'Ana Cecília Castro', 'anacecilia.castro@gmail.com', 'UEF4@txy#0', '1946-12-07', 'Grátis', 'Crédito'),
('253.714.806-17', 'Benício Novais', 'benicio.novais@gmail.com', 'M2_KU@1p&M', '1996-12-05', 'Grátis', 'Débito'),
('526.794.813-64', 'Júlia Souza', 'julia.souza@gmail.com', ')P9b0MRo$L', '1974-12-17', 'Pago', 'Pix'),
('782.105.936-68', 'Daniel Marques', 'daniel.marques@gmail.com', 'O1@QMwM3_q', '1954-09-02', 'Grátis', 'Débito'),
('578.042.639-29', 'Bianca da Mata', 'bianca.damata@gmail.com', '@hRWIjDkr9', '1977-06-16', 'Grátis', 'Crédito'),
('079.841.563-01', 'Anthony Gabriel Cavalcanti', 'anthonygabriel.cavalcanti@gmail.com', 'V*90eQbjw*', '1951-07-24', 'Grátis', 'Débito'),
('605.329.487-00', 'Emanuelly da Paz', 'emanuelly.dapaz@gmail.com', '#s_E(hin6w', '1979-05-14', 'Pago', 'Crédito'),
('183.705.469-00', 'Benicio Vasconcelos', 'benicio.vasconcelos@gmail.com', '(VG0Eyv#lX', '1980-05-06', 'Grátis', 'Pix'),
('192.475.680-30', 'Maria da Luz', 'maria.daluz@gmail.com', '!&WVQbps7S', '1977-03-19', 'Pago', 'Pix'),
('975.360.214-61', 'Cauã Fogaça', 'caua.fogaca@gmail.com', 'ZC1dQdxQ_d', '1988-04-12', 'Pago', 'Débito'),
('786.054.213-71', 'Maria Sophia Martins', 'mariasophia.martins@gmail.com', 'R!O1(qhvGT', '1964-06-25', 'Grátis', 'Débito'),
('690.178.354-00', 'Ana Clara Almeida', 'anaclara.almeida@gmail.com', '4HPhDUoS(5', '1991-08-07', 'Grátis', 'Pix'),
('142.590.637-07', 'Davi Lucas Araújo', 'davilucas.araujo@gmail.com', 'U_7+8GF(iw', '1985-04-24', 'Grátis', 'Débito'),
('279.504.163-43', 'Benjamin Rezende', 'benjamin.rezende@gmail.com', '_yU9FhEMOW', '1954-04-11', 'Grátis', 'Pix'),
('783.162.945-91', 'Ian Rocha', 'ian.rocha@gmail.com', 'o_IO7Nf7$w', '1947-12-12', 'Pago', 'Pix'),
('128.593.407-50', 'Lucca Sousa', 'lucca.sousa@gmail.com', '$QNL$Haf32', '1980-11-21', 'Pago', 'Pix'),
('180.327.594-41', 'Ana Cecília Novaes', 'anacecilia.novaes@gmail.com', '(@!BcVw2x6', '1984-10-04', 'Grátis', 'Pix'),
('746.123.589-37', 'Danilo Montenegro', 'danilo.montenegro@gmail.com', 'uL&9UXa@nq', '2003-02-06', 'Pago', 'Crédito'),
('968.457.130-57', 'Matteo Teixeira', 'matteo.teixeira@gmail.com', 'c0Tsn$a*_O', '1962-12-25', 'Pago', 'Crédito'),
('647.123.059-16', 'Luna Pereira', 'luna.pereira@gmail.com', '+$6W&l%w*S', '1990-01-22', 'Grátis', 'Crédito'),
('837.901.456-10', 'Henry Pereira', 'henry.pereira@gmail.com', '^0JJquhvo6', '1949-01-01', 'Pago', 'Débito'),
('968.014.253-15', 'Fernando Sales', 'fernando.sales@gmail.com', '@E9Bg1Ij+)', '1954-08-06', 'Pago', 'Débito'),
('703.694.128-69', 'Caleb Barbosa', 'caleb.barbosa@gmail.com', 'Q^6xM+Fvvx', '1970-02-07', 'Pago', 'Crédito'),
('562.741.308-53', 'André Barros', 'andre.barros@gmail.com', ')r3+4Uy(m4', '1996-03-07', 'Pago', 'Pix'),
('234.891.756-46', 'Cauê Aragão', 'caue.aragao@gmail.com', 'O8CR%o7!*w', '2001-06-20', 'Pago', 'Débito'),
('258.673.091-77', 'Helena Siqueira', 'helena.siqueira@gmail.com', 'Y%Wi5V1Ckz', '1945-07-24', 'Pago', 'Débito'),
('136.482.059-51', 'Lucas Novais', 'lucas.novais@gmail.com', '&C72SXlVYB', '1963-07-14', 'Grátis', 'Débito'),
('523.879.641-28', 'Ravy Silva', 'ravy.silva@gmail.com', 'IDc!Mhg6+4', '1959-10-23', 'Pago', 'Crédito'),
('419.703.682-50', 'Letícia Vasconcelos', 'leticia.vasconcelos@gmail.com', 'O0x9N8rsS!', '2000-11-09', 'Pago', 'Débito'),
('748.235.169-82', 'Isabel Sá', 'isabel.sa@gmail.com', 'U&2AVdF^D_', '1951-12-06', 'Grátis', 'Pix'),
('614.580.972-85', 'Matheus Barbosa', 'matheus.barbosa@gmail.com', '%3bLo0Eq%5', '1969-11-30', 'Grátis', 'Débito'),
('513.860.742-17', 'Caleb Gonçalves', 'caleb.goncalves@gmail.com', 'Y^0xCon5el', '1986-11-28', 'Grátis', 'Pix'),
('193.846.752-37', 'Catarina Peixoto', 'catarina.peixoto@gmail.com', '&0HYrFqSz2', '1998-02-22', 'Grátis', 'Débito'),
('978.521.036-77', 'Allana Rezende', 'allana.rezende@gmail.com', '*PO5TLmX7W', '1999-05-24', 'Grátis', 'Pix'),
('702.814.963-31', 'Isabella Castro', 'isabella.castro@gmail.com', '$#j$9Dy6LG', '1951-11-17', 'Pago', 'Pix'),
('814.507.692-76', 'Ana Luiza Cavalcanti', 'analuiza.cavalcanti@gmail.com', '#3hPiRkh22', '1956-09-26', 'Grátis', 'Crédito'),
('098.413.567-75', 'José Pedro Freitas', 'josepedro.freitas@gmail.com', '_eMAexg9t6', '1947-03-31', 'Grátis', 'Débito'),
('461.295.038-06', 'Thomas Nogueira', 'thomas.nogueira@gmail.com', '#RFWmpC29N', '1953-07-13', 'Grátis', 'Pix'),
('613.248.507-44', 'Mateus Alves', 'mateus.alves@gmail.com', '1ONm4Tv%(5', '1946-06-23', 'Pago', 'Débito'),
('891.643.527-73', 'Felipe Melo', 'felipe.melo@gmail.com', '#WGjY^fs3C', '2002-10-26', 'Pago', 'Pix'),
('180.594.273-50', 'Brenda Novais', 'brenda.novais@gmail.com', 'j$P$8Peqc%', '1992-08-11', 'Pago', 'Pix'),
('764.139.520-16', 'Pedro Henrique Viana', 'pedrohenrique.viana@gmail.com', 'Q3AGD#jK&M', '1958-10-25', 'Grátis', 'Pix'),
('146.278.305-80', 'Isabelly da Cunha', 'isabelly.dacunha@gmail.com', '@5D71$+jVm', '1959-07-20', 'Pago', 'Débito'),
('580.426.731-08', 'Gustavo Mendes', 'gustavo.mendes@gmail.com', 'a2jnOXh6&K', '1960-07-16', 'Pago', 'Pix'),
('640.572.318-62', 'Marcela Sá', 'marcela.sa@gmail.com', 'C970ZNZce*', '1979-03-06', 'Pago', 'Crédito'),
('509.342.768-38', 'Valentina Leão', 'valentina.leao@gmail.com', '^KNTOW0oo9', '1959-11-18', 'Grátis', 'Pix'),
('835.721.496-73', 'Juliana Santos', 'juliana.santos@gmail.com', 'A+X6sD3t)l', '2005-06-05', 'Grátis', 'Crédito'),
('382.649.051-70', 'Camila Nascimento', 'camila.nascimento@gmail.com', '+p0DIzQKm*', '1995-08-28', 'Pago', 'Crédito'),
('245.316.890-89', 'Maria Liz Aparecida', 'marializ.aparecida@gmail.com', '!0M7x_E75+', '2006-01-08', 'Grátis', 'Débito'),
('078.691.524-20', 'Luan Aragão', 'luan.aragao@gmail.com', 'UCyb6vryo(', '1974-08-15', 'Pago', 'Débito'),
('893.124.067-87', 'Mirella Montenegro', 'mirella.montenegro@gmail.com', 'gup2YZ9vc+', '1945-10-24', 'Grátis', 'Pix'),
('924.031.875-50', 'Camila Araújo', 'camila.araujo@gmail.com', 'ku12HZCv$E', '1962-02-20', 'Pago', 'Pix'),
('839.105.642-24', 'Lucas Barros', 'lucas.barros@gmail.com', '$yUTKK9es8', '1985-06-03', 'Pago', 'Pix'),
('508.139.674-57', 'Henrique Peixoto', 'henrique.peixoto@gmail.com', '@JlUrIxld7', '1980-07-30', 'Grátis', 'Pix'),
('310.297.865-77', 'Apollo Azevedo', 'apollo.azevedo@gmail.com', 'O$#6W*w6^%', '1998-08-11', 'Pago', 'Pix'),
('796.540.823-65', 'Fernando Cavalcanti', 'fernando.cavalcanti@gmail.com', '$8QL+8bz_u', '1980-09-18', 'Pago', 'Crédito'),
('892.041.675-30', 'Gael Henrique Andrade', 'gaelhenrique.andrade@gmail.com', '!)e1GoRqh8', '1996-10-11', 'Grátis', 'Crédito'),
('732.518.069-12', 'Gabriela Ferreira', 'gabriela.ferreira@gmail.com', '$$!x0ZSatb', '1953-09-10', 'Grátis', 'Pix'),
('349.271.650-43', 'Heitor da Conceição', 'heitor.daconceicao@gmail.com', '61IeX@lK!#', '1995-10-11', 'Grátis', 'Pix'),
('375.296.841-91', 'Mateus Jesus', 'mateus.jesus@gmail.com', '9m0fJ8DR#n', '1999-09-25', 'Pago', 'Pix'),
('210.456.378-07', 'Aylla Moreira', 'aylla.moreira@gmail.com', 'rlp$2PjLmz', '1974-10-14', 'Pago', 'Débito'),
('358.724.916-46', 'Isis Fogaça', 'isis.fogaca@gmail.com', '&7UBqjrz2R', '1991-12-06', 'Grátis', 'Pix'),
('150.927.486-30', 'Augusto Guerra', 'augusto.guerra@gmail.com', 'A8Hvs5tT$1', '1977-03-16', 'Grátis', 'Débito'),
('715.362.908-40', 'Ana Beatriz Alves', 'anabeatriz.alves@gmail.com', 'U&3X6AGaQO', '1985-07-04', 'Grátis', 'Pix'),
('591.640.783-10', 'Pietro Barros', 'pietro.barros@gmail.com', 'd@3ACAwcBG', '2003-12-05', 'Grátis', 'Pix'),
('169.742.805-30', 'Mathias Cavalcanti', 'mathias.cavalcanti@gmail.com', 'SL6An$Fw!R', '1956-09-26', 'Grátis', 'Pix'),
('732.564.109-52', 'Sara Pires', 'sara.pires@gmail.com', '5p4SS9Bl@d', '1958-03-16', 'Pago', 'Crédito'),
('951.802.634-33', 'Théo Câmara', 'theo.camara@gmail.com', 'O(0!(&yupQ', '1996-02-05', 'Pago', 'Débito'),
('295.371.048-50', 'Maria Cecília Andrade', 'mariacecilia.andrade@gmail.com', 'j6x*1LFt*E', '2005-06-04', 'Grátis', 'Pix'),
('745.930.826-92', 'Maria Liz Borges', 'marializ.borges@gmail.com', '6c6Of#L3%8', '2006-06-14', 'Pago', 'Débito'),
('781.594.206-76', 'Nina Albuquerque', 'nina.albuquerque@gmail.com', 'mE+^2J+i%Q', '1998-04-22', 'Pago', 'Pix'),
('139.270.485-50', 'Lavínia Freitas', 'lavinia.freitas@gmail.com', '$s1PgytE@1', '1954-10-13', 'Grátis', 'Crédito'),
('826.410.397-96', 'Antonella Cavalcanti', 'antonella.cavalcanti@gmail.com', '!V81Cowmce', '1994-02-16', 'Grátis', 'Crédito'),
('057.912.438-04', 'Alexia Peixoto', 'alexia.peixoto@gmail.com', '9yUJaS!I!3', '1959-11-18', 'Pago', 'Pix'),
('690.172.438-13', 'Oliver Carvalho', 'oliver.carvalho@gmail.com', '_fX1Sn)v&6', '1999-12-07', 'Pago', 'Pix'),
('526.098.417-01', 'Ana da Cruz', 'ana.dacruz@gmail.com', 'v+!7m2I43x', '1987-02-19', 'Pago', 'Crédito'),
('860.374.512-90', 'Vitor Gabriel Mendes', 'vitorgabriel.mendes@gmail.com', '9n%AYWTz%a', '1986-03-13', 'Grátis', 'Crédito'),
('890.763.215-40', 'Maria Luísa Campos', 'marialuisa.campos@gmail.com', '1PaPzfrW&B', '1992-11-20', 'Grátis', 'Crédito'),
('730.298.164-78', 'Bento Garcia', 'bento.garcia@gmail.com', '%ZmQX9Wr6T', '2005-11-09', 'Pago', 'Pix'),
('048.926.531-60', 'Luiz Gustavo Lima', 'luizgustavo.lima@gmail.com', 'v8T@nJP4^l', '1965-03-30', 'Pago', 'Débito'),
('194.627.538-73', 'Davi Miguel da Luz', 'davimiguel.daluz@gmail.com', 'G@wHU7rt^9', '1996-03-08', 'Grátis', 'Pix'),
('017.538.426-62', 'Sophia Moura', 'sophia.moura@gmail.com', 'e^^71SyHxT', '1950-03-18', 'Pago', 'Débito'),
('026.713.584-07', 'Gael da Conceição', 'gael.daconceicao@gmail.com', '*2e7GO1ijI', '1954-10-23', 'Pago', 'Pix'),
('845.206.137-44', 'Gustavo Sousa', 'gustavo.sousa@gmail.com', '&$7!eBiO8V', '1974-08-14', 'Grátis', 'Crédito'),
('108.243.957-60', 'Emanuella da Luz', 'emanuella.daluz@gmail.com', '1@5(6M5s))', '1970-03-01', 'Pago', 'Pix'),
('130.462.785-35', 'Luiz Felipe Moraes', 'luizfelipe.moraes@gmail.com', 'zeq3!xGa_Z', '2001-02-08', 'Pago', 'Pix'),
('571.026.439-34', 'João Guilherme Pastor', 'joaoguilherme.pastor@gmail.com', 'c9T(FFkW_z', '1992-04-06', 'Pago', 'Crédito'),
('049.685.271-01', 'Eloá Vargas', 'eloa.vargas@gmail.com', '7C95Afr6$)', '1985-01-04', 'Pago', 'Débito'),
('263.087.419-22', 'Maysa Cavalcanti', 'maysa.cavalcanti@gmail.com', '72@W0Tw&%+', '1990-05-14', 'Pago', 'Pix'),
('268.054.317-35', 'João Gabriel Machado', 'joaogabriel.machado@gmail.com', 'hCoJ6ApG8#', '2001-05-06', 'Pago', 'Débito'),
('247.836.159-00', 'Nicolas Fonseca', 'nicolas.fonseca@gmail.com', '%IPb6W)iY2', '1962-01-06', 'Pago', 'Pix'),
('145.692.703-52', 'Luigi Andrade', 'luigi.andrade@gmail.com', '*5#+&blmC%', '1954-02-14', 'Grátis', 'Crédito'),
('910.635.278-21', 'Maria Fernanda Moraes', 'mariafernanda.moraes@gmail.com', '1)6(RnPmDg', '1959-09-28', 'Grátis', 'Débito'),
('529.704.836-29', 'Eloah Oliveira', 'eloah.oliveira@gmail.com', 'AzVY8Kcyt!', '1951-03-26', 'Grátis', 'Débito'),
('650.394.821-24', 'Rebeca Rezende', 'rebeca.rezende@gmail.com', '%5heofN+ux', '2004-08-31', 'Grátis', 'Pix'),
('201.469.385-42', 'Kevin Casa Grande', 'kevin.casagrande@gmail.com', 'uc%4BrhKW(', '1952-09-18', 'Grátis', 'Débito'),
('057.183.694-10', 'Sarah Campos', 'sarah.campos@gmail.com', 'pHR_7BgT)g', '1979-11-02', 'Pago', 'Pix'),
('056.749.281-85', 'Gustavo Henrique Peixoto', 'gustavohenrique.peixoto@gmail.com', 'o@2MCq*b_x', '1996-06-28', 'Grátis', 'Pix'),
('526.438.170-44', 'Mariane Araújo', 'mariane.araujo@gmail.com', '#63_Fpoopf', '2000-09-16', 'Pago', 'Pix'),
('745.381.602-53', 'Ísis Carvalho', 'isis.carvalho@gmail.com', 'q8&yTDqh^b', '1994-10-10', 'Grátis', 'Pix'),
('741.526.980-20', 'Ana Laura Brito', 'analaura.brito@gmail.com', 'S17ZvEaA*v', '1975-09-21', 'Pago', 'Pix'),
('196.507.328-02', 'Maria Laura Gomes', 'marialaura.gomes@gmail.com', 'R1I6RpRg*8', '2001-05-01', 'Grátis', 'Pix'),
('643.271.508-35', 'Enrico Montenegro', 'enrico.montenegro@gmail.com', '_4jnDGrohq', '1965-03-03', 'Pago', 'Crédito'),
('370.261.948-87', 'Luan Montenegro', 'luan.montenegro@gmail.com', '%5$EeJ)oB(', '1970-01-01', 'Grátis', 'Débito'),
('134.980.562-98', 'Kevin Vieira', 'kevin.vieira@gmail.com', '%nOO43E4j(', '1973-09-23', 'Grátis', 'Crédito'),
('104.587.936-39', 'Ana Liz Moura', 'analiz.moura@gmail.com', '%337GaPlcX', '1968-01-31', 'Pago', 'Crédito'),
('693.172.408-87', 'Ana Julia Gomes', 'anajulia.gomes@gmail.com', 'Toc3yOLjd$', '1997-01-01', 'Pago', 'Crédito'),
('358.620.147-80', 'Beatriz Lima', 'beatriz.lima@gmail.com', '$#n2HnSg__', '1958-07-08', 'Grátis', 'Pix'),
('460.179.382-31', 'Caroline Aparecida', 'caroline.aparecida@gmail.com', 'P69VYwLmZ(', '1973-09-04', 'Grátis', 'Crédito'),
('426.187.059-20', 'Luna Costa', 'luna.costa@gmail.com', '&8EKdzxh%g', '1996-01-24', 'Grátis', 'Débito'),
('359.617.842-82', 'Evelyn Abreu', 'evelyn.abreu@gmail.com', 'G@V4Cstj^+', '1987-02-13', 'Pago', 'Débito'),
('081.349.576-84', 'Brenda Campos', 'brenda.campos@gmail.com', ')WgrdvCg4c', '1998-05-27', 'Grátis', 'Pix'),
('479.523.180-04', 'Catarina Campos', 'catarina.campos@gmail.com', 'F4wYd2sp$7', '1954-03-30', 'Grátis', 'Débito'),
('043.652.981-51', 'Theo Nogueira', 'theo.nogueira@gmail.com', '%47E+uTvGb', '2003-05-05', 'Pago', 'Crédito'),
('309.876.254-38', 'Melissa Rezende', 'melissa.rezende@gmail.com', '$GJMNywti2', '1982-10-10', 'Pago', 'Débito'),
('802.359.461-33', 'Bento Correia', 'bento.correia@gmail.com', 'Kh(!0lWbrt', '2006-06-13', 'Grátis', 'Crédito'),
('962.478.130-31', 'Beatriz Gomes', 'beatriz.gomes@gmail.com', 'hf1Vt9237*', '1946-05-11', 'Pago', 'Crédito'),
('201.935.486-15', 'João Pedro Pastor', 'joaopedro.pastor@gmail.com', ')yFkt*I8t1', '1994-05-11', 'Grátis', 'Débito'),
('903.782.645-83', 'Bento da Paz', 'bento.dapaz@gmail.com', '&0HNTXy61B', '1985-05-19', 'Pago', 'Crédito'),
('075.364.218-26', 'Maitê Pires', 'maite.pires@gmail.com', '*9HCjGc@Hh', '1978-02-21', 'Pago', 'Débito'),
('931.024.578-60', 'Otávio Novaes', 'otavio.novaes@gmail.com', '%7DX$&So&C', '1973-04-24', 'Grátis', 'Crédito'),
('356.091.472-80', 'Paulo Almeida', 'paulo.almeida@gmail.com', '3&d5vXzk&G', '1950-04-13', 'Grátis', 'Pix'),
('745.820.936-47', 'Arthur Miguel Souza', 'arthurmiguel.souza@gmail.com', 'R_9fACJtLg', '1945-06-20', 'Grátis', 'Crédito'),
('562.481.709-67', 'Manuela Ramos', 'manuela.ramos@gmail.com', 'yUW$UJi@%5', '1969-04-29', 'Grátis', 'Crédito'),
('541.632.870-35', 'Gabriel da Conceição', 'gabriel.daconceicao@gmail.com', '+_(^fNZi18', '1989-08-25', 'Pago', 'Débito'),
('851.234.769-46', 'Miguel da Rosa', 'miguel.darosa@gmail.com', '(2r9sEhZ!y', '1961-08-14', 'Grátis', 'Crédito'),
('503.724.196-07', 'Lunna da Cruz', 'lunna.dacruz@gmail.com', '@^8ExR#!1R', '2006-04-20', 'Pago', 'Pix'),
('782.945.016-11', 'Vinícius Lima', 'vinicius.lima@gmail.com', '!34RZjPaOm', '1961-07-02', 'Pago', 'Crédito'),
('935.760.248-83', 'Pedro Henrique Caldeira', 'pedrohenrique.caldeira@gmail.com', '0N^aL7cgh_', '1946-07-20', 'Grátis', 'Pix'),
('143.250.869-51', 'Leonardo Rocha', 'leonardo.rocha@gmail.com', '&3ON2YnnC5', '2007-05-17', 'Grátis', 'Débito'),
('602.731.548-26', 'Samuel Silva', 'samuel.silva@gmail.com', ')10RyOq#9_', '1971-06-13', 'Grátis', 'Pix'),
('461.857.920-01', 'Lavínia Castro', 'lavinia.castro@gmail.com', 'f%3vvHHo8V', '1968-11-20', 'Pago', 'Pix'),
('806.214.397-03', 'Arthur Gabriel Pimenta', 'arthurgabriel.pimenta@gmail.com', 'hkY(1TRap(', '1957-02-11', 'Pago', 'Crédito'),
('380.249.761-96', 'Benjamin Gomes', 'benjamin.gomes@gmail.com', 'cTs0VyId%H', '1976-08-10', 'Pago', 'Pix'),
('429.367.051-34', 'Maitê Martins', 'maite.martins@gmail.com', 'kk4lAZKmg$', '1965-08-16', 'Pago', 'Débito'),
('715.493.026-80', 'Gabriel Vargas', 'gabriel.vargas@gmail.com', 'mz7V10bT(t', '1971-08-02', 'Grátis', 'Débito'),
('716.284.953-91', 'Mateus Costa', 'mateus.costa@gmail.com', '+h85qMae$3', '1986-08-15', 'Pago', 'Débito'),
('074.298.316-13', 'Luiz Fernando Rios', 'luizfernando.rios@gmail.com', ')ZK@nrt10y', '1961-11-25', 'Pago', 'Crédito'),
('742.508.936-00', 'Maria Clara Pimenta', 'mariaclara.pimenta@gmail.com', '$y7YUZWf$q', '1952-02-01', 'Grátis', 'Crédito'),
('806.315.472-07', 'Juan Carvalho', 'juan.carvalho@gmail.com', '9RW&lGDl^3', '1953-08-04', 'Pago', 'Crédito'),
('425.806.931-06', 'Henry Gabriel Rezende', 'henrygabriel.rezende@gmail.com', 'DB46OOAf_d', '1968-08-07', 'Pago', 'Crédito'),
('612.084.397-31', 'Luna Farias', 'luna.farias@gmail.com', 'h#W*Q4JcV5', '1950-04-05', 'Pago', 'Crédito'),
('179.328.064-96', 'Igor Moreira', 'igor.moreira@gmail.com', 'd9R0qITd$R', '1946-08-25', 'Grátis', 'Pix'),
('519.847.630-75', 'Benicio Machado', 'benicio.machado@gmail.com', '*7)7OmXtdk', '1990-09-13', 'Pago', 'Débito'),
('269.130.745-06', 'Beatriz Machado', 'beatriz.machado@gmail.com', 'o5Mf05Mov!', '1972-04-16', 'Pago', 'Crédito'),
('420.357.698-92', 'Lorena Carvalho', 'lorena.carvalho@gmail.com', '!ZPaafhC%3', '1987-11-23', 'Pago', 'Pix'),
('810.795.423-88', 'Breno Nogueira', 'breno.nogueira@gmail.com', '+JU1xGxs$F', '1978-03-08', 'Grátis', 'Crédito'),
('539.672.408-00', 'Maria Vitória Ferreira', 'mariavitoria.ferreira@gmail.com', 'Dh6PVQQ7s@', '1995-11-13', 'Pago', 'Débito'),
('754.316.892-82', 'Manuela Rocha', 'manuela.rocha@gmail.com', '&0W)E@&ucr', '1963-09-06', 'Grátis', 'Crédito'),
('563.790.482-00', 'Nina Cardoso', 'nina.cardoso@gmail.com', 'o+R7Bi*VA#', '1950-08-19', 'Pago', 'Pix'),
('973.061.482-22', 'Heloísa Santos', 'heloisa.santos@gmail.com', 'f1BLj&Uf+d', '1980-06-28', 'Pago', 'Débito'),
('346.189.027-87', 'Apollo da Costa', 'apollo.dacosta@gmail.com', 'Q!1Al3JbgO', '1988-07-23', 'Grátis', 'Crédito'),
('327.610.894-13', 'Laura Porto', 'laura.porto@gmail.com', 'DcP2IZt(_9', '1996-02-27', 'Grátis', 'Débito'),
('854.076.129-76', 'Liz Ribeiro', 'liz.ribeiro@gmail.com', ')8eTqQvh8o', '1989-10-18', 'Grátis', 'Pix'),
('706.243.985-10', 'Davi Miguel Cunha', 'davimiguel.cunha@gmail.com', 'g@^CFkMd^5', '1955-11-12', 'Grátis', 'Débito'),
('510.427.698-85', 'Leonardo Macedo', 'leonardo.macedo@gmail.com', '%&!+5Ss5s+', '1975-03-23', 'Pago', 'Crédito'),
('682.079.451-76', 'Miguel Araújo', 'miguel.araujo@gmail.com', '_dFh(kGm9&', '1968-04-24', 'Grátis', 'Pix'),
('784.165.329-82', 'Bruno Cirino', 'bruno.cirino@gmail.com', '_WGUkbX_i5', '1950-09-02', 'Grátis', 'Débito'),
('582.710.364-08', 'Ayla Campos', 'ayla.campos@gmail.com', 'eD%B5SVz+p', '1976-06-05', 'Pago', 'Crédito'),
('702.968.413-31', 'Sara Almeida', 'sara.almeida@gmail.com', 'q^1PAfUlpX', '1995-08-25', 'Pago', 'Crédito'),
('518.246.093-70', 'Augusto da Paz', 'augusto.dapaz@gmail.com', 'IL38bDJnD!', '1969-09-29', 'Grátis', 'Crédito'),
('237.140.985-50', 'Luara Novaes', 'luara.novaes@gmail.com', '3DM6!Dbb#$', '2006-03-11', 'Pago', 'Pix'),
('093.276.541-61', 'Maysa Pereira', 'maysa.pereira@gmail.com', 'c^z3H!m4d7', '2001-03-21', 'Pago', 'Débito'),
('491.320.786-50', 'Bruna Marques', 'bruna.marques@gmail.com', 'H_8GSoH&!4', '1948-06-13', 'Grátis', 'Pix'),
('751.380.429-04', 'Julia Porto', 'julia.porto@gmail.com', '+zSj7n!IY9', '1981-09-13', 'Grátis', 'Crédito'),
('730.694.185-20', 'Stephany Araújo', 'stephany.araujo@gmail.com', '%ZBJi7d75j', '1966-09-19', 'Pago', 'Crédito'),
('582.436.719-19', 'Léo Vasconcelos', 'leo.vasconcelos@gmail.com', '@w1K4XdV5D', '1950-03-03', 'Pago', 'Débito'),
('420.971.638-31', 'Thiago Lopes', 'thiago.lopes@gmail.com', '(4770M@q&3', '1996-05-06', 'Grátis', 'Débito'),
('198.027.364-22', 'Ester Abreu', 'ester.abreu@gmail.com', '8f+QOUhz&5', '1978-07-21', 'Pago', 'Débito'),
('571.230.986-68', 'Henry Rodrigues', 'henry.rodrigues@gmail.com', '7v93NyHz@)', '1947-05-12', 'Pago', 'Pix'),
('561.743.280-07', 'Eduardo Barros', 'eduardo.barros@gmail.com', '$*8T5rgcX3', '1968-09-27', 'Grátis', 'Crédito'),
('476.283.150-62', 'Aurora Gomes', 'aurora.gomes@gmail.com', 'F3+OAmuo%h', '1971-05-20', 'Pago', 'Débito'),
('187.946.035-10', 'Emilly Brito', 'emilly.brito@gmail.com', 'o2PgEnu9%J', '2003-01-13', 'Grátis', 'Crédito'),
('627.413.895-19', 'Maria Helena Moura', 'mariahelena.moura@gmail.com', 'o0YdiyPI#s', '1981-05-11', 'Pago', 'Pix'),
('301.794.286-40', 'Julia Azevedo', 'julia.azevedo@gmail.com', '!5L7DonS%f', '2002-01-22', 'Grátis', 'Pix'),
('725.481.036-17', 'Milena Nunes', 'milena.nunes@gmail.com', '18E1FmWC*r', '1986-07-26', 'Grátis', 'Débito'),
('350.786.914-48', 'Vitória Jesus', 'vitoria.jesus@gmail.com', '^BXmE87l6+', '1992-06-26', 'Pago', 'Débito'),
('182.576.394-19', 'Luana Dias', 'luana.dias@gmail.com', '!z9hZ)Qq@#', '1971-08-29', 'Pago', 'Crédito'),
('918.305.267-40', 'Maria Sophia Ribeiro', 'mariasophia.ribeiro@gmail.com', '$+87(IbSvs', '1984-07-12', 'Pago', 'Pix'),
('312.805.694-33', 'Enzo Gabriel Moura', 'enzogabriel.moura@gmail.com', '$zM84)xIg2', '1982-02-02', 'Grátis', 'Pix'),
('583.974.162-00', 'Luan da Cruz', 'luan.dacruz@gmail.com', 'u(9zHWaK!!', '2001-10-25', 'Grátis', 'Pix'),
('217.483.609-22', 'Ana Júlia Correia', 'anajulia.correia@gmail.com', '*&bQitBP@1', '1947-12-20', 'Pago', 'Crédito'),
('537.906.418-39', 'Bryan Marques', 'bryan.marques@gmail.com', 'p2PpWFnz)I', '1988-08-02', 'Pago', 'Pix'),
('948.763.015-57', 'Otto da Paz', 'otto.dapaz@gmail.com', '9K8$P1jp&@', '2004-06-21', 'Grátis', 'Débito'),
('486.291.530-24', 'Asafe Vasconcelos', 'asafe.vasconcelos@gmail.com', '*2DTJVlbXp', '1944-10-03', 'Pago', 'Pix'),
('638.519.027-77', 'Oliver Machado', 'oliver.machado@gmail.com', 'X$8OG(Lj(%', '1977-11-08', 'Pago', 'Crédito'),
('215.697.384-91', 'Carolina Novais', 'carolina.novais@gmail.com', '&#I6SvaMZo', '1949-04-23', 'Pago', 'Crédito'),
('218.375.409-50', 'João Pedro Cunha', 'joaopedro.cunha@gmail.com', '&s0oQZSzns', '1972-10-01', 'Pago', 'Pix'),
('506.984.273-00', 'Marcelo Viana', 'marcelo.viana@gmail.com', 'L%ZiK_Vy#6', '1987-10-07', 'Pago', 'Débito'),
('867.930.142-69', 'Yago Ribeiro', 'yago.ribeiro@gmail.com', ')1EWNDLNcC', '1968-12-31', 'Pago', 'Crédito'),
('294.106.587-30', 'Pedro Miguel Gonçalves', 'pedromiguel.goncalves@gmail.com', '+4Vj$PL62*', '1963-03-07', 'Grátis', 'Crédito'),
('579.362.104-07', 'João Lucas Aragão', 'joaolucas.aragao@gmail.com', 'Ft7hB5l2(C', '1948-01-28', 'Pago', 'Pix'),
('923.086.154-51', 'Isabella Aparecida', 'isabella.aparecida@gmail.com', '%XjOXf2n6%', '1972-04-18', 'Grátis', 'Pix'),
('853.047.296-92', 'João Sampaio', 'joao.sampaio@gmail.com', '22P#m5#v@e', '1967-05-12', 'Grátis', 'Crédito'),
('652.397.810-95', 'Vitor Hugo Nunes', 'vitorhugo.nunes@gmail.com', 'B7Fhyza5^O', '1975-03-13', 'Grátis', 'Débito'),
('280.457.691-49', 'Ian Pimenta', 'ian.pimenta@gmail.com', 'd&t$90Dk12', '1964-07-05', 'Grátis', 'Pix'),
('784.936.125-37', 'Maria Vitória Alves', 'mariavitoria.alves@gmail.com', ')2wFPIp9^$', '1973-06-29', 'Pago', 'Crédito'),
('528.643.179-82', 'Sarah Santos', 'sarah.santos@gmail.com', '&taMq48l(5', '1986-08-16', 'Grátis', 'Crédito'),
('762.451.908-94', 'Maria Eduarda Correia', 'mariaeduarda.correia@gmail.com', '%&N$#5gz#8', '1947-12-15', 'Grátis', 'Débito'),
('369.407.215-25', 'Vitor Hugo Azevedo', 'vitorhugo.azevedo@gmail.com', '3KtWKPXr@)', '2000-09-21', 'Grátis', 'Pix'),
('936.147.850-84', 'Caleb Farias', 'caleb.farias@gmail.com', 'A(jP5w2e%6', '2003-04-14', 'Pago', 'Pix'),
('793.125.468-64', 'Aylla Jesus', 'aylla.jesus@gmail.com', 'L6Maap0C_i', '1960-07-27', 'Pago', 'Débito'),
('015.782.493-41', 'Matheus Souza', 'matheus.souza@gmail.com', '&_%EUs$Ch1', '1964-03-28', 'Pago', 'Débito'),
('407.691.328-04', 'Joana Duarte', 'joana.duarte@gmail.com', '*1R94vaNR6', '1966-12-07', 'Grátis', 'Débito'),
('287.506.193-30', 'Julia Cirino', 'julia.cirino@gmail.com', 'g$1P+Qu39^', '1972-03-06', 'Pago', 'Crédito'),
('280.739.654-29', 'Cauê Rodrigues', 'caue.rodrigues@gmail.com', '(8gIkUv1E@', '1969-07-27', 'Pago', 'Pix'),
('698.720.531-03', 'João Felipe Novaes', 'joaofelipe.novaes@gmail.com', 'lww@u8Bqdt', '1954-08-26', 'Pago', 'Crédito'),
('874.591.603-93', 'Larissa Viana', 'larissa.viana@gmail.com', 'AgN3YDMnW*', '1944-07-24', 'Pago', 'Pix'),
('702.139.658-95', 'Juan Cavalcante', 'juan.cavalcante@gmail.com', 'E7Q2bEwrw#', '1953-01-29', 'Pago', 'Pix'),
('092.863.574-00', 'Calebe Azevedo', 'calebe.azevedo@gmail.com', '##8*G4PaS%', '1968-02-15', 'Pago', 'Pix'),
('581.369.027-12', 'Julia Almeida', 'julia.almeida@gmail.com', '*!SpJ$Lh9Z', '1959-02-10', 'Grátis', 'Débito'),
('710.459.268-76', 'Samuel Sales', 'samuel.sales@gmail.com', 'o_^21UWddT', '1967-10-08', 'Grátis', 'Débito'),
('869.145.730-93', 'Letícia Azevedo', 'leticia.azevedo@gmail.com', 'wd6AtRLOz$', '1984-08-15', 'Pago', 'Débito'),
('865.301.492-60', 'Juliana Fonseca', 'juliana.fonseca@gmail.com', 'BdZ3KDMy%*', '1986-08-20', 'Pago', 'Pix'),
('058.426.973-00', 'Juliana Ferreira', 'juliana.ferreira@gmail.com', 'X@8QHxaz*z', '1964-04-09', 'Pago', 'Pix'),
('894.637.510-84', 'Luísa Campos', 'luisa.campos@gmail.com', 'xPwuPZqa+1', '1975-11-02', 'Grátis', 'Débito'),
('136.840.572-07', 'Maria Vitória Martins', 'mariavitoria.martins@gmail.com', 'JP0)Gmxy#(', '1963-07-09', 'Grátis', 'Pix'),
('089.143.627-87', 'Larissa da Costa', 'larissa.dacosta@gmail.com', 'my4!09Zbj^', '1994-08-06', 'Pago', 'Pix'),
('392.085.764-00', 'Théo Gomes', 'theo.gomes@gmail.com', 'm4MiKV#t$4', '2005-07-24', 'Grátis', 'Crédito'),
('576.091.382-40', 'Ana Freitas', 'ana.freitas@gmail.com', 'k2N8hFi6)m', '1947-12-11', 'Pago', 'Pix'),
('496.175.283-55', 'Vicente Fernandes', 'vicente.fernandes@gmail.com', '$6v&I)v$Fl', '1946-01-24', 'Grátis', 'Pix'),
('298.340.671-78', 'Olívia Melo', 'olivia.melo@gmail.com', '#eQ6K37w)p', '1978-11-13', 'Pago', 'Crédito'),
('264.903.175-16', 'Ana da Rocha', 'ana.darocha@gmail.com', '%J_M4Xr^QI', '1951-12-03', 'Pago', 'Débito'),
('347.068.592-47', 'Ester Araújo', 'ester.araujo@gmail.com', 'O!S5APnXS5', '1988-02-09', 'Grátis', 'Débito'),
('758.263.490-00', 'Maria Luísa Pimenta', 'marialuisa.pimenta@gmail.com', 'a7HQ5Wgs$E', '1987-06-05', 'Pago', 'Pix'),
('198.027.543-23', 'Liz Monteiro', 'liz.monteiro@gmail.com', 'p3o_6Rrf#R', '1964-09-16', 'Pago', 'Pix'),
('421.968.350-05', 'Maria Sophia Vieira', 'mariasophia.vieira@gmail.com', ')Bs8uSl2$3', '1994-07-08', 'Grátis', 'Crédito'),
('930.216.845-05', 'Laís Santos', 'lais.santos@gmail.com', 'eu7SdWkm&&', '1998-12-21', 'Grátis', 'Débito'),
('936.410.285-15', 'Miguel Silva', 'miguel.silva@gmail.com', '49ViAmNW(B', '1968-02-06', 'Pago', 'Crédito'),
('429.806.175-20', 'Fernando Sá', 'fernando.sa@gmail.com', 'T7!QMiKL)W', '1957-02-09', 'Pago', 'Débito'),
('784.053.962-92', 'Julia Carvalho', 'julia.carvalho@gmail.com', '8MojfR(O_y', '1953-05-19', 'Pago', 'Débito'),
('589.302.647-00', 'Stella Mendes', 'stella.mendes@gmail.com', 'X6AMFG(g&e', '1961-09-10', 'Pago', 'Crédito'),
('983.657.241-46', 'João Vitor Monteiro', 'joaovitor.monteiro@gmail.com', 'Nm$7CjBlna', '1972-01-15', 'Pago', 'Crédito'),
('925.710.386-21', 'Carlos Eduardo Sampaio', 'carloseduardo.sampaio@gmail.com', 'Nr07ZrXi&F', '1977-02-26', 'Grátis', 'Pix'),
('701.234.968-96', 'Levi Mendes', 'levi.mendes@gmail.com', '@!aS2HIb(C', '2001-02-07', 'Grátis', 'Débito'),
('785.346.021-07', 'Enrico Cavalcanti', 'enrico.cavalcanti@gmail.com', 'kLz5O(dt@!', '1970-05-25', 'Grátis', 'Crédito'),
('745.869.130-10', 'Isabella Camargo', 'isabella.camargo@gmail.com', '$tGW5Wtf6^', '1956-05-20', 'Grátis', 'Crédito'),
('359.287.164-19', 'Maria Vitória Aparecida', 'mariavitoria.aparecida@gmail.com', '%l1Ak2r78c', '1968-06-14', 'Grátis', 'Pix'),
('148.679.250-20', 'Gabrielly Fogaça', 'gabrielly.fogaca@gmail.com', '^1cuynWmC!', '1965-05-12', 'Grátis', 'Débito'),
('931.258.047-79', 'Melina da Mata', 'melina.damata@gmail.com', 'Ky6GR%G2#0', '2004-04-23', 'Pago', 'Crédito'),
('209.465.813-98', 'João Felipe Novaes', 'joaofelipe.novaes@gmail.com', 'kB_F6Muy*9', '1988-01-13', 'Pago', 'Crédito'),
('908.247.536-74', 'Heitor Casa Grande', 'heitor.casagrande@gmail.com', '_^2L#Zuqq$', '1987-10-25', 'Pago', 'Pix'),
('480.239.751-88', 'Maria Isis Guerra', 'mariaisis.guerra@gmail.com', '*8W(0UwzS9', '1946-02-15', 'Grátis', 'Pix'),
('632.451.789-64', 'Vitor Macedo', 'vitor.macedo@gmail.com', '73Ujgtvu%V', '1965-12-29', 'Grátis', 'Crédito'),
('950.314.826-05', 'Lorena Correia', 'lorena.correia@gmail.com', 'W40+Zh_g(q', '1948-09-05', 'Grátis', 'Pix'),
('976.410.852-02', 'Alana Pinto', 'alana.pinto@gmail.com', 'b5+^bWTj)t', '1964-02-16', 'Pago', 'Crédito'),
('895.061.734-00', 'Maya Novais', 'maya.novais@gmail.com', 'Y$ZT5Z8$um', '1956-08-06', 'Grátis', 'Crédito'),
('318.409.625-42', 'Stephany Leão', 'stephany.leao@gmail.com', 'Q!5DQvjb@e', '2000-07-31', 'Grátis', 'Crédito'),
('428.319.560-05', 'Josué Macedo', 'josue.macedo@gmail.com', 'Iv(1JIm)+V', '1972-12-11', 'Grátis', 'Pix'),
('643.792.180-31', 'Heitor Cirino', 'heitor.cirino@gmail.com', 'W%f76OuYXq', '1948-04-09', 'Grátis', 'Pix'),
('509.126.873-12', 'Vinicius Garcia', 'vinicius.garcia@gmail.com', '&tXKme8^n3', '1989-09-10', 'Grátis', 'Pix'),
('934.261.058-70', 'Ana Laura Machado', 'analaura.machado@gmail.com', '4NW08Ipe)g', '1963-08-20', 'Pago', 'Pix'),
('943.072.165-80', 'Calebe Cassiano', 'calebe.cassiano@gmail.com', '!$r2XdMrhD', '1981-10-02', 'Grátis', 'Pix'),
('895.617.023-12', 'Dom Fernandes', 'dom.fernandes@gmail.com', '7LOQYjax^M', '1995-10-15', 'Grátis', 'Pix'),
('250.134.687-44', 'Isis Ferreira', 'isis.ferreira@gmail.com', '^9LQQx8fXT', '1980-03-01', 'Pago', 'Débito'),
('854.102.973-50', 'Heloisa Andrade', 'heloisa.andrade@gmail.com', 'z#r*J3Yv5P', '1979-07-20', 'Pago', 'Débito'),
('531.962.478-64', 'Nicolas Souza', 'nicolas.souza@gmail.com', '+!uJ4WvD5H', '1977-10-05', 'Pago', 'Débito'),
('861.073.259-21', 'Alícia Garcia', 'alicia.garcia@gmail.com', 'B^@tlcPii8', '1948-09-11', 'Grátis', 'Crédito'),
('345.602.918-70', 'Giovanna Mendes', 'giovanna.mendes@gmail.com', 'lU6OBxHV+Q', '1988-07-12', 'Pago', 'Débito'),
('453.207.168-26', 'Joana da Conceição', 'joana.daconceicao@gmail.com', 'V@^3A^vg+K', '1973-05-29', 'Pago', 'Crédito'),
('648.901.537-48', 'Pedro Pereira', 'pedro.pereira@gmail.com', '&NC5PEip!7', '1977-08-03', 'Grátis', 'Crédito'),
('089.345.671-39', 'Sabrina Pacheco', 'sabrina.pacheco@gmail.com', '@0nEVmgwXa', '1946-10-31', 'Pago', 'Crédito'),
('354.268.791-09', 'Gabriel Freitas', 'gabriel.freitas@gmail.com', 'i)SUy7OrvG', '1994-03-04', 'Grátis', 'Pix'),
('205.749.618-01', 'Cauê Correia', 'caue.correia@gmail.com', '$tIBkzNWP2', '1990-10-22', 'Grátis', 'Pix'),
('684.290.175-85', 'Giovanna Cavalcanti', 'giovanna.cavalcanti@gmail.com', 'ZJq0UlMvj(', '1950-05-22', 'Grátis', 'Crédito'),
('826.951.374-19', 'Eloá Martins', 'eloa.martins@gmail.com', 'm+FyX6x0_3', '1980-02-19', 'Pago', 'Pix'),
('891.620.743-69', 'Luigi Cunha', 'luigi.cunha@gmail.com', ')GCFW8Urv2', '1962-04-01', 'Pago', 'Pix'),
('542.976.103-61', 'Beatriz da Costa', 'beatriz.dacosta@gmail.com', 'K^QV2U^a_7', '1955-12-12', 'Pago', 'Crédito'),
('743.865.190-84', 'Pietro Guerra', 'pietro.guerra@gmail.com', ')#52Io^CWo', '1985-11-16', 'Grátis', 'Pix'),
('659.734.802-83', 'André Pacheco', 'andre.pacheco@gmail.com', 'xc$P#mf*%0', '1974-03-22', 'Grátis', 'Crédito'),
('854.709.632-92', 'Cauê Peixoto', 'caue.peixoto@gmail.com', '0O72QeIs(F', '1989-04-10', 'Pago', 'Pix'),
('701.564.328-62', 'Melina Pimenta', 'melina.pimenta@gmail.com', '#@NXwZy_5j', '1971-01-29', 'Grátis', 'Pix'),
('941.250.876-01', 'Vitor Hugo Freitas', 'vitorhugo.freitas@gmail.com', '*&2tZMdsMK', '1987-08-09', 'Grátis', 'Pix'),
('425.738.109-41', 'Nicolas Câmara', 'nicolas.camara@gmail.com', 'o(1C)Wy_Td', '1960-03-14', 'Grátis', 'Crédito'),
('421.875.063-71', 'Samuel da Rocha', 'samuel.darocha@gmail.com', 'ah5jBOi7R!', '1956-07-21', 'Grátis', 'Crédito'),
('089.621.537-77', 'Luísa Ramos', 'luisa.ramos@gmail.com', '!9L8Nq5pgC', '1991-12-12', 'Pago', 'Débito'),
('408.579.236-92', 'Gael Duarte', 'gael.duarte@gmail.com', '*TJ77MovS*', '2007-06-18', 'Grátis', 'Pix'),
('406.235.189-70', 'Vicente Guerra', 'vicente.guerra@gmail.com', 'bX9nJP0kM_', '1972-02-21', 'Pago', 'Pix'),
('318.947.206-87', 'Yasmin Vieira', 'yasmin.vieira@gmail.com', 'D4A0nmc@@J', '1999-12-30', 'Grátis', 'Débito'),
('349.762.108-04', 'Nathan Fonseca', 'nathan.fonseca@gmail.com', 'HjzXyB+x(7', '2001-01-19', 'Pago', 'Crédito'),
('652.491.873-82', 'Ian Gonçalves', 'ian.goncalves@gmail.com', '1tY1fSRU!M', '1958-11-17', 'Grátis', 'Crédito'),
('127.035.846-44', 'Melina Moraes', 'melina.moraes@gmail.com', '+y0NYhKaCM', '2001-01-21', 'Grátis', 'Crédito'),
('582.309.761-12', 'Beatriz Correia', 'beatriz.correia@gmail.com', '!18POiNag(', '1957-08-01', 'Pago', 'Pix'),
('758.412.930-79', 'Marcos Vinicius Gomes', 'marcosvinicius.gomes@gmail.com', '#BcL2F@kA+', '1947-03-01', 'Pago', 'Crédito'),
('028.567.934-10', 'Jade Moraes', 'jade.moraes@gmail.com', 'v)BJ89IThn', '1985-08-24', 'Grátis', 'Débito'),
('624.085.917-67', 'Antony da Mota', 'antony.damota@gmail.com', 'L2m6ZlZwh%', '1995-11-22', 'Grátis', 'Pix'),
('274.365.091-52', 'Carolina Pastor', 'carolina.pastor@gmail.com', 'dQ15WGfGt$', '1986-09-25', 'Pago', 'Débito'),
('954.061.237-34', 'Leonardo Camargo', 'leonardo.camargo@gmail.com', 'gL9B7Uy3d$', '1997-03-18', 'Pago', 'Crédito'),
('051.368.742-44', 'Gabriel da Costa', 'gabriel.dacosta@gmail.com', 'RNAYHRIy#8', '1981-08-25', 'Pago', 'Pix'),
('756.934.120-16', 'Júlia Almeida', 'julia.almeida@gmail.com', '@1^uUX)o#_', '1965-06-07', 'Pago', 'Pix'),
('198.452.736-37', 'Agatha Moreira', 'agatha.moreira@gmail.com', 'eGL32LrM_2', '1957-06-12', 'Pago', 'Pix'),
('728.140.596-02', 'Gabrielly Pacheco', 'gabrielly.pacheco@gmail.com', '_SXVuQaQN7', '1951-05-04', 'Pago', 'Pix'),
('476.831.259-46', 'José Cavalcanti', 'jose.cavalcanti@gmail.com', 'Xl6gC1Mea&', '1961-08-20', 'Grátis', 'Crédito'),
('235.486.017-07', 'Marcos Vinicius Abreu', 'marcosvinicius.abreu@gmail.com', 'sScI8yfb^8', '1957-06-20', 'Grátis', 'Débito'),
('354.670.982-92', 'André Barbosa', 'andre.barbosa@gmail.com', 'dvG5tUask_', '1953-06-18', 'Grátis', 'Crédito'),
('984.621.305-06', 'Dom Viana', 'dom.viana@gmail.com', '_8TU9HOiIv', '1964-03-04', 'Grátis', 'Crédito'),
('751.230.468-44', 'Gabriel Rocha', 'gabriel.rocha@gmail.com', 'IHH3MIDu@b', '1988-09-22', 'Grátis', 'Pix'),
('021.475.398-05', 'Maria Sophia Guerra', 'mariasophia.guerra@gmail.com', 'r@O#3WMl#1', '1960-07-12', 'Grátis', 'Pix'),
('517.498.026-94', 'Yuri Siqueira', 'yuri.siqueira@gmail.com', 'YCp46BJh*E', '1981-05-02', 'Pago', 'Débito'),
('562.143.978-37', 'Joaquim Pires', 'joaquim.pires@gmail.com', '+4Hs&EErq#', '1986-10-04', 'Grátis', 'Pix'),
('487.025.931-14', 'José da Costa', 'jose.dacosta@gmail.com', '(5&Q(ShyM!', '1972-02-19', 'Pago', 'Pix'),
('269.075.841-58', 'Danilo Borges', 'danilo.borges@gmail.com', '(v1^KVa4+h', '1960-10-28', 'Grátis', 'Pix'),
('954.186.027-30', 'Giovanna Vasconcelos', 'giovanna.vasconcelos@gmail.com', 'MA4JCybp!9', '2003-03-12', 'Pago', 'Crédito'),
('723.659.480-65', 'Otto Pimenta', 'otto.pimenta@gmail.com', 'z7cuGwe@&_', '1953-06-27', 'Grátis', 'Débito'),
('924.816.570-20', 'Elisa Pereira', 'elisa.pereira@gmail.com', '!owXikLxc3', '1969-02-22', 'Pago', 'Crédito'),
('548.796.130-10', 'Fernanda das Neves', 'fernanda.dasneves@gmail.com', 'C@zgz9Bwcr', '1976-03-28', 'Pago', 'Crédito'),
('764.089.231-78', 'João Guilherme Marques', 'joaoguilherme.marques@gmail.com', 'Z$15AZuxvm', '1965-02-03', 'Pago', 'Pix'),
('685.291.047-49', 'Letícia Camargo', 'leticia.camargo@gmail.com', '5OG2LMz^!g', '1958-03-11', 'Pago', 'Crédito'),
('038.546.912-89', 'Theodoro Cavalcanti', 'theodoro.cavalcanti@gmail.com', 'b3eXUno0%J', '1967-03-25', 'Pago', 'Pix'),
('251.039.874-14', 'Enrico Silveira', 'enrico.silveira@gmail.com', 'u(x9TnYioH', '1960-11-12', 'Grátis', 'Débito'),
('421.568.397-19', 'Eloá Santos', 'eloa.santos@gmail.com', 'O62eSgYm_N', '1971-06-10', 'Pago', 'Débito'),
('362.974.081-22', 'Carolina Oliveira', 'carolina.oliveira@gmail.com', 'oTd4Cb0r#+', '1981-09-08', 'Pago', 'Crédito'),
('286.179.430-50', 'Brenda Montenegro', 'brenda.montenegro@gmail.com', 'cp9EsUlKL%', '1945-12-23', 'Grátis', 'Crédito'),
('174.986.532-73', 'Apollo Santos', 'apollo.santos@gmail.com', '$vBOpulsE7', '2002-08-28', 'Grátis', 'Pix'),
('084.521.763-17', 'Raquel Cavalcante', 'raquel.cavalcante@gmail.com', 'B38CpQXr)o', '1988-12-10', 'Pago', 'Pix'),
('098.235.471-14', 'Breno Lopes', 'breno.lopes@gmail.com', '+aDrRjAgE0', '1986-10-05', 'Grátis', 'Débito'),
('527.930.481-60', 'Miguel Porto', 'miguel.porto@gmail.com', 'X*8IbAnC6r', '1960-07-31', 'Grátis', 'Crédito'),
('490.568.231-24', 'Luiz Otávio Campos', 'luizotavio.campos@gmail.com', '1TZJ!D$5@h', '1997-06-30', 'Pago', 'Pix'),
('419.026.875-58', 'Levi Correia', 'levi.correia@gmail.com', 'aA)2iVrN@2', '1961-03-14', 'Grátis', 'Crédito'),
('715.396.402-99', 'Pedro Lucas Vasconcelos', 'pedrolucas.vasconcelos@gmail.com', '!h9Cb&aVUI', '1986-08-10', 'Grátis', 'Crédito'),
('670.198.352-95', 'Emanuella Gonçalves', 'emanuella.goncalves@gmail.com', '^0KZ%Puj^b', '1995-03-27', 'Pago', 'Débito'),
('394.716.502-16', 'Ágatha Machado', 'agatha.machado@gmail.com', '!iIy4Z(tl4', '1962-02-01', 'Pago', 'Crédito'),
('189.062.435-70', 'Theo Garcia', 'theo.garcia@gmail.com', '*HL8Jmwywc', '1947-06-09', 'Pago', 'Crédito'),
('319.065.847-10', 'Théo Dias', 'theo.dias@gmail.com', '^p3SiZ@)Lv', '2005-06-05', 'Pago', 'Pix'),
('469.832.057-74', 'Maitê Ramos', 'maite.ramos@gmail.com', 'n(0Oc6qI0d', '1958-08-14', 'Grátis', 'Débito'),
('940.351.627-52', 'Maria Laura Melo', 'marialaura.melo@gmail.com', 'i0tX!4Sg(&', '1973-08-09', 'Pago', 'Pix'),
('304.682.175-17', 'Mariana Araújo', 'mariana.araujo@gmail.com', 'Cd_4ZPCb%(', '1976-06-15', 'Grátis', 'Débito'),
('172.653.089-21', 'Jade Câmara', 'jade.camara@gmail.com', '!2Qk$wW4ZD', '1983-01-05', 'Grátis', 'Crédito'),
('870.369.421-69', 'Leandro Machado', 'leandro.machado@gmail.com', 'Q$i2kSvj(&', '1986-10-28', 'Pago', 'Débito'),
('218.469.375-82', 'Mateus Barbosa', 'mateus.barbosa@gmail.com', 'me3D%dvH@*', '1955-10-08', 'Grátis', 'Crédito'),
('517.306.294-07', 'Raul Fernandes', 'raul.fernandes@gmail.com', 'K%5iEMcj)V', '1988-03-19', 'Pago', 'Pix'),
('820.936.175-95', 'Oliver Montenegro', 'oliver.montenegro@gmail.com', '!G9cQv7ni9', '1963-06-18', 'Grátis', 'Débito'),
('438.709.561-00', 'Sophie Fernandes', 'sophie.fernandes@gmail.com', '%UX^)eb53O', '1985-05-27', 'Pago', 'Crédito'),
('609.138.742-13', 'Evelyn Duarte', 'evelyn.duarte@gmail.com', 'w@4LvL(@!N', '1951-04-29', 'Pago', 'Débito'),
('684.937.105-39', 'Anna Liz Mendes', 'annaliz.mendes@gmail.com', '+8)SKc63@(', '1985-12-11', 'Pago', 'Pix'),
('095.123.847-79', 'Léo Fogaça', 'leo.fogaca@gmail.com', ')IIPpgd5p9', '1946-11-16', 'Pago', 'Débito'),
('230.476.915-25', 'Arthur Miguel Fogaça', 'arthurmiguel.fogaca@gmail.com', '_e$VVAus#6', '1978-08-03', 'Grátis', 'Crédito'),
('894.056.237-29', 'Julia Freitas', 'julia.freitas@gmail.com', '@#j2EtT#)L', '1972-12-02', 'Grátis', 'Pix'),
('981.702.654-01', 'Maria Cecília Nogueira', 'mariacecilia.nogueira@gmail.com', '@OFHY&Rkl5', '1953-01-15', 'Grátis', 'Crédito'),
('068.792.134-13', 'Olívia Carvalho', 'olivia.carvalho@gmail.com', '$3BnbL8zsC', '1973-12-20', 'Grátis', 'Débito'),
('984.630.752-74', 'Júlia Pastor', 'julia.pastor@gmail.com', 'S#6DyLdclt', '1960-07-13', 'Pago', 'Crédito'),
('390.175.684-10', 'Maria Luísa Vasconcelos', 'marialuisa.vasconcelos@gmail.com', 'S$+Uc1M4jw', '1966-06-28', 'Pago', 'Pix'),
('957.641.082-76', 'Brenda Silveira', 'brenda.silveira@gmail.com', 'j+8HqyvTDL', '2006-01-19', 'Grátis', 'Crédito'),
('260.895.374-38', 'Emanuelly da Luz', 'emanuelly.daluz@gmail.com', 'Z$J2KV8qy^', '1971-04-24', 'Pago', 'Crédito'),
('421.957.086-11', 'Maria Luiza Nunes', 'marialuiza.nunes@gmail.com', '!!53NhYv3#', '1988-10-17', 'Grátis', 'Débito'),
('051.897.632-77', 'Rafael Brito', 'rafael.brito@gmail.com', 'Lw3UIe6Kl$', '1979-07-17', 'Grátis', 'Débito'),
('467.532.809-10', 'Vitória Monteiro', 'vitoria.monteiro@gmail.com', '&8DWgQnIRY', '1993-02-27', 'Grátis', 'Débito'),
('579.820.146-58', 'José Pedro Camargo', 'josepedro.camargo@gmail.com', '@_O#Es(f0L', '1962-11-12', 'Pago', 'Débito'),
('953.260.187-21', 'João Pedro Martins', 'joaopedro.martins@gmail.com', 'w$0ntAobeo', '1950-12-14', 'Grátis', 'Crédito'),
('517.608.392-21', 'Cecília Caldeira', 'cecilia.caldeira@gmail.com', '@N6C)ZuvP6', '1975-06-08', 'Grátis', 'Débito'),
('145.083.927-41', 'João Felipe Macedo', 'joaofelipe.macedo@gmail.com', 'ip8^F_RWW!', '2003-05-24', 'Pago', 'Crédito'),
('186.430.279-87', 'Liz Borges', 'liz.borges@gmail.com', 'u^8IT$_esz', '1996-01-23', 'Pago', 'Crédito'),
('918.670.342-04', 'Marcos Vinicius Macedo', 'marcosvinicius.macedo@gmail.com', '$0pXoWKQ3X', '1947-04-29', 'Pago', 'Crédito'),
('685.391.407-48', 'Luiz Otávio Rocha', 'luizotavio.rocha@gmail.com', 'a8rEv_cK)w', '1991-09-29', 'Grátis', 'Débito'),
('697.841.025-01', 'Bento Mendes', 'bento.mendes@gmail.com', 'I^3e2IcS1@', '2004-01-17', 'Pago', 'Pix'),
('923.601.548-42', 'Caio Camargo', 'caio.camargo@gmail.com', 'IpC9wX2e3!', '1960-01-25', 'Pago', 'Crédito'),
('931.426.580-33', 'Eloah Albuquerque', 'eloah.albuquerque@gmail.com', '!l5AvY9syw', '1985-01-02', 'Pago', 'Crédito'),
('618.903.457-84', 'Alexia Cassiano', 'alexia.cassiano@gmail.com', '(I8$bSagU(', '1988-07-18', 'Grátis', 'Débito'),
('130.425.698-70', 'Ana Júlia Cirino', 'anajulia.cirino@gmail.com', 'i!P4KDt$zf', '2002-08-27', 'Grátis', 'Crédito'),
('826.591.743-00', 'Giovanna Cardoso', 'giovanna.cardoso@gmail.com', '7J$E5E3s%q', '1988-05-15', 'Grátis', 'Pix'),
('031.627.485-26', 'João Miguel Gomes', 'joaomiguel.gomes@gmail.com', '!+JmQ^Yt7x', '2003-07-26', 'Pago', 'Crédito'),
('137.095.284-88', 'Lorena Alves', 'lorena.alves@gmail.com', '_L0Vdgm!h5', '1966-04-16', 'Pago', 'Crédito'),
('257.864.039-47', 'Sophie Pires', 'sophie.pires@gmail.com', 'D^*2TAn52s', '2003-09-08', 'Grátis', 'Pix'),
('652.843.907-92', 'André Pereira', 'andre.pereira@gmail.com', ')T6K0M$iNA', '1947-01-20', 'Grátis', 'Crédito'),
('165.243.908-06', 'Esther Cassiano', 'esther.cassiano@gmail.com', ')f7X#v%kL6', '1966-01-10', 'Pago', 'Crédito'),
('759.043.218-05', 'Ana Clara Aparecida', 'anaclara.aparecida@gmail.com', '_$6ETnt29w', '1997-01-15', 'Grátis', 'Pix'),
('326.804.915-05', 'Vicente Pacheco', 'vicente.pacheco@gmail.com', '9(54Rum&O!', '2005-07-13', 'Grátis', 'Débito'),
('241.567.389-73', 'Luan da Costa', 'luan.dacosta@gmail.com', 'SyQ@Y5jq)6', '1978-03-02', 'Grátis', 'Débito'),
('152.704.396-70', 'Bianca Viana', 'bianca.viana@gmail.com', 'Ks7%9IqKP_', '1966-01-13', 'Pago', 'Débito'),
('364.912.875-64', 'João Felipe Nogueira', 'joaofelipe.nogueira@gmail.com', '_(Va1q5Vj9', '1979-08-26', 'Pago', 'Débito'),
('182.054.379-04', 'Pedro Miguel Silva', 'pedromiguel.silva@gmail.com', 'm0e3R^Ah!Q', '2006-10-02', 'Pago', 'Débito'),
('278.591.403-14', 'Bruna Fernandes', 'bruna.fernandes@gmail.com', '+1J!%Tqj0B', '1989-04-11', 'Pago', 'Crédito'),
('895.210.746-20', 'Isabel Santos', 'isabel.santos@gmail.com', ')03kBgynnx', '1972-03-14', 'Grátis', 'Débito'),
('691.053.247-34', 'Cecilia Guerra', 'cecilia.guerra@gmail.com', 'A3iMI(k+#b', '1976-08-15', 'Pago', 'Débito'),
('941.238.076-31', 'Pedro Almeida', 'pedro.almeida@gmail.com', '&rHWzeGb+9', '1973-01-23', 'Grátis', 'Crédito'),
('604.319.582-89', 'Maria Sophia Correia', 'mariasophia.correia@gmail.com', 'YO$t1YMu08', '1975-01-01', 'Pago', 'Crédito'),
('650.489.273-38', 'Luiz Miguel Mendonça', 'luizmiguel.mendonca@gmail.com', '_uq63HZzJt', '1993-01-06', 'Grátis', 'Pix'),
('571.492.306-52', 'Maria Vitória Nascimento', 'mariavitoria.nascimento@gmail.com', '*U2+BjRbCS', '1953-06-20', 'Pago', 'Crédito'),
('034.758.916-20', 'Daniel Barbosa', 'daniel.barbosa@gmail.com', '2BQsrkHS)0', '1948-11-25', 'Grátis', 'Crédito'),
('016.298.735-86', 'Maria Cecília Cunha', 'mariacecilia.cunha@gmail.com', 'iz1AJo0yR^', '1996-07-23', 'Pago', 'Pix'),
('904.381.567-57', 'Maria Luísa Ramos', 'marialuisa.ramos@gmail.com', '(e4koFaIz!', '1998-07-23', 'Pago', 'Crédito'),
('037.296.845-74', 'Lucca Montenegro', 'lucca.montenegro@gmail.com', ')$9OiLtu!p', '1982-01-18', 'Pago', 'Crédito'),
('275.016.394-34', 'Bryan Silveira', 'bryan.silveira@gmail.com', 'AKWCPls$*7', '1955-07-02', 'Pago', 'Crédito'),
('276.480.359-10', 'Yasmin Novais', 'yasmin.novais@gmail.com', '^FlQ9m8h83', '1984-03-19', 'Pago', 'Pix'),
('687.149.523-19', 'Larissa Campos', 'larissa.campos@gmail.com', 'y@l3OwSx*j', '1949-02-14', 'Pago', 'Pix'),
('580.421.379-23', 'Davi Lucas Ferreira', 'davilucas.ferreira@gmail.com', '*4Foto+7_e', '2002-12-28', 'Pago', 'Débito'),
('915.724.360-34', 'Nicolas Cardoso', 'nicolas.cardoso@gmail.com', 'nJ8)^Akh!_', '2002-12-03', 'Grátis', 'Débito'),
('852.693.701-40', 'Heitor Santos', 'heitor.santos@gmail.com', '33z_0HuXh(', '1997-05-19', 'Grátis', 'Crédito'),
('610.327.985-21', 'Maria Clara Teixeira', 'mariaclara.teixeira@gmail.com', ')9dVD!Guq*', '1985-11-05', 'Pago', 'Débito'),
('502.417.836-07', 'Vitor Rocha', 'vitor.rocha@gmail.com', 'sx2VDhCm%6', '1992-07-17', 'Grátis', 'Pix'),
('169.875.304-75', 'Rhavi Moura', 'rhavi.moura@gmail.com', 'MzFH1yZr!#', '1966-01-29', 'Pago', 'Pix'),
('876.024.915-30', 'Levi Farias', 'levi.farias@gmail.com', 'Co)M4BVd$S', '1964-02-23', 'Grátis', 'Crédito'),
('142.968.705-30', 'José Pedro Castro', 'josepedro.castro@gmail.com', 'L^H1tMf)Cw', '1997-03-31', 'Grátis', 'Pix'),
('354.921.678-55', 'Eloah Gonçalves', 'eloah.goncalves@gmail.com', '1vrNRjfx(a', '1947-06-23', 'Pago', 'Débito'),
('865.130.924-42', 'Cecilia Aragão', 'cecilia.aragao@gmail.com', ')D8Ix$v*R(', '1955-11-13', 'Pago', 'Crédito'),
('765.834.120-71', 'Ana Julia Machado', 'anajulia.machado@gmail.com', 'j_^r6N#j$9', '1998-07-08', 'Pago', 'Débito'),
('850.346.127-71', 'Theodoro Andrade', 'theodoro.andrade@gmail.com', '4^5Kz1Bi^!', '1985-03-08', 'Pago', 'Débito'),
('435.619.820-42', 'Bryan Caldeira', 'bryan.caldeira@gmail.com', '&v$Oc1G)R2', '1985-09-24', 'Pago', 'Pix'),
('765.402.138-08', 'Arthur Miguel Pimenta', 'arthurmiguel.pimenta@gmail.com', 't0CM9Ye5%q', '1966-10-15', 'Pago', 'Pix'),
('781.546.092-58', 'Pedro Henrique Garcia', 'pedrohenrique.garcia@gmail.com', '5f$)Ncs++U', '1951-03-17', 'Pago', 'Crédito'),
('016.927.845-01', 'Levi Castro', 'levi.castro@gmail.com', '$2hzPQpacE', '1969-12-05', 'Grátis', 'Pix'),
('379.486.105-10', 'Davi Luiz Barros', 'daviluiz.barros@gmail.com', '+1mNQ7MvAa', '1967-11-03', 'Pago', 'Pix'),
('970.148.563-75', 'Enrico Ramos', 'enrico.ramos@gmail.com', '#B81Yhf_Ty', '1995-05-22', 'Pago', 'Débito'),
('459.631.087-48', 'Maitê Viana', 'maite.viana@gmail.com', '!8MtX2KL^i', '1989-07-22', 'Grátis', 'Crédito'),
('605.283.914-70', 'Bernardo Cunha', 'bernardo.cunha@gmail.com', '&rI+qRa7e5', '1983-02-24', 'Grátis', 'Crédito'),
('193.750.482-41', 'Gustavo Gonçalves', 'gustavo.goncalves@gmail.com', '8!&4&2TjnT', '1959-05-17', 'Pago', 'Crédito'),
('540.796.128-85', 'Arthur Miguel Sousa', 'arthurmiguel.sousa@gmail.com', 'K2QBX+2k^z', '1974-12-19', 'Pago', 'Crédito'),
('749.521.083-41', 'Dom Abreu', 'dom.abreu@gmail.com', ')guDSG)rT7', '2007-02-24', 'Grátis', 'Crédito'),
('609.814.237-87', 'Maria Luísa Andrade', 'marialuisa.andrade@gmail.com', 'vpWILUB)@6', '1997-07-18', 'Pago', 'Débito'),
('975.140.836-93', 'Cecília Azevedo', 'cecilia.azevedo@gmail.com', '!hpR)Z7y^0', '1995-01-30', 'Grátis', 'Pix'),
('273.894.105-23', 'Yasmin Teixeira', 'yasmin.teixeira@gmail.com', 'u49kOa0w3%', '1966-03-07', 'Grátis', 'Débito'),
('473.826.159-28', 'Gael Henrique Vargas', 'gaelhenrique.vargas@gmail.com', '+tLZ)MFY3g', '1949-10-06', 'Pago', 'Crédito'),
('340.295.786-83', 'Aylla Pastor', 'aylla.pastor@gmail.com', 'i0!LkzdS&1', '2004-07-25', 'Pago', 'Crédito'),
('425.913.607-07', 'Ana Julia Marques', 'anajulia.marques@gmail.com', 'L0iRQgYw@_', '1946-03-13', 'Grátis', 'Débito'),
('625.431.987-09', 'Apollo da Conceição', 'apollo.daconceicao@gmail.com', 'bhQRg4y4$3', '1971-05-01', 'Pago', 'Crédito'),
('268.943.751-19', 'Isaac Correia', 'isaac.correia@gmail.com', 'jr4dUb*9i*', '1988-01-28', 'Grátis', 'Débito'),
('102.648.739-04', 'Ana Lívia Camargo', 'analivia.camargo@gmail.com', '9+0%3*Uf3l', '1947-12-15', 'Pago', 'Débito'),
('281.706.543-35', 'Ana Luiza Casa Grande', 'analuiza.casagrande@gmail.com', '*OMw+StoX1', '2003-01-03', 'Grátis', 'Pix'),
('739.645.821-82', 'Emanuel Araújo', 'emanuel.araujo@gmail.com', '537WTaGjD*', '1967-01-05', 'Pago', 'Débito'),
('024.698.351-51', 'Maria Helena Andrade', 'mariahelena.andrade@gmail.com', 'nq9k#Jek%y', '2001-12-17', 'Pago', 'Crédito'),
('038.176.495-84', 'Luiz Miguel Cavalcanti', 'luizmiguel.cavalcanti@gmail.com', 'r)pE*5yA!4', '1959-05-01', 'Pago', 'Crédito'),
('410.829.376-22', 'Caleb Albuquerque', 'caleb.albuquerque@gmail.com', ')E@8g5Lvkq', '1974-06-20', 'Grátis', 'Crédito'),
('145.903.826-60', 'Mariana Silveira', 'mariana.silveira@gmail.com', '4#6q#QCdsT', '1948-01-02', 'Pago', 'Crédito'),
('681.932.475-82', 'Nathan da Luz', 'nathan.daluz@gmail.com', 'T&sjCYfb&0', '1950-09-12', 'Pago', 'Débito'),
('640.925.178-58', 'Agatha Mendes', 'agatha.mendes@gmail.com', '7O_^5AXl*B', '1962-02-18', 'Grátis', 'Pix'),
('482.057.963-00', 'Theodoro Almeida', 'theodoro.almeida@gmail.com', '&@3!v^Uj4C', '2000-08-15', 'Pago', 'Crédito'),
('197.860.425-49', 'Maria Helena Rezende', 'mariahelena.rezende@gmail.com', 'q9)2ZLEi6j', '1946-11-08', 'Pago', 'Crédito'),
('827.104.356-08', 'Enrico Fogaça', 'enrico.fogaca@gmail.com', 'do4RYUfiu$', '1999-08-08', 'Grátis', 'Pix'),
('968.245.301-15', 'Emanuelly Sales', 'emanuelly.sales@gmail.com', '(KLFN#hT36', '1965-04-06', 'Pago', 'Pix'),
('637.509.842-47', 'Bella Câmara', 'bella.camara@gmail.com', '*hEzAwtLB4', '1959-11-13', 'Grátis', 'Débito'),
('148.367.529-73', 'Antônio Cardoso', 'antonio.cardoso@gmail.com', 'K2^0QZCf^a', '1980-03-17', 'Pago', 'Débito'),
('760.423.815-71', 'Sabrina Gomes', 'sabrina.gomes@gmail.com', 'AMSj^1JF$4', '1953-08-03', 'Grátis', 'Crédito'),
('973.140.265-99', 'Sophie Siqueira', 'sophie.siqueira@gmail.com', 'C3TV2_!t*Y', '1967-05-02', 'Pago', 'Pix'),
('791.305.264-34', 'Guilherme Pastor', 'guilherme.pastor@gmail.com', 'Dl0!2oUp$5', '1991-11-03', 'Pago', 'Débito'),
('257.438.609-47', 'Henry Sampaio', 'henry.sampaio@gmail.com', '9tMqtAlc!Z', '2004-05-01', 'Pago', 'Crédito'),
('527.634.801-44', 'Pedro Lucas Nogueira', 'pedrolucas.nogueira@gmail.com', 'gP&%8ZwgbT', '1998-12-07', 'Pago', 'Pix'),
('137.825.096-68', 'Gabrielly Almeida', 'gabrielly.almeida@gmail.com', 'V_pOd3C6Vh', '1973-07-09', 'Pago', 'Crédito'),
('459.683.270-65', 'Helena Melo', 'helena.melo@gmail.com', 'gbH9Dold!Y', '1956-11-28', 'Grátis', 'Crédito'),
('143.789.562-09', 'Mirella Ramos', 'mirella.ramos@gmail.com', 'bowgI6dj(1', '1993-07-27', 'Grátis', 'Crédito'),
('637.024.189-03', 'Eloah Campos', 'eloah.campos@gmail.com', 'x#9vmK%tI&', '1962-11-06', 'Pago', 'Débito'),
('374.582.019-32', 'Benício Guerra', 'benicio.guerra@gmail.com', '+0)IzV^k(W', '2006-08-18', 'Pago', 'Pix'),
('859.241.706-67', 'Maria Laura Gomes', 'marialaura.gomes@gmail.com', '(TRhrbSQ0_', '1949-03-11', 'Grátis', 'Pix'),
('784.613.295-46', 'Isabela Alves', 'isabela.alves@gmail.com', '^XhtlaEf&7', '1976-07-20', 'Grátis', 'Débito'),
('609.387.415-00', 'Pedro Miguel da Cruz', 'pedromiguel.dacruz@gmail.com', 'DBzY1Hoj%E', '2002-03-25', 'Pago', 'Crédito'),
('207.653.941-70', 'Ana Laura Caldeira', 'analaura.caldeira@gmail.com', '03b5LQzw*c', '1994-03-21', 'Grátis', 'Débito'),
('460.753.189-84', 'Antônio Lima', 'antonio.lima@gmail.com', '3eqh_Gfs(n', '1964-02-29', 'Pago', 'Débito'),
('138.642.570-26', 'Bárbara Duarte', 'barbara.duarte@gmail.com', 'c4BWkYG)%M', '1963-12-06', 'Grátis', 'Crédito'),
('324.016.895-24', 'Mariana Nogueira', 'mariana.nogueira@gmail.com', '2!6D*G13lq', '1974-12-23', 'Grátis', 'Crédito'),
('148.590.273-88', 'Esther Peixoto', 'esther.peixoto@gmail.com', 'k$7VRm^O+D', '1996-07-11', 'Grátis', 'Débito'),
('791.203.486-22', 'Cauã Campos', 'caua.campos@gmail.com', 'f)^0L5Kmv3', '1961-08-13', 'Grátis', 'Débito'),
('820.541.639-70', 'Vitor Hugo Sousa', 'vitorhugo.sousa@gmail.com', '#gpz7Rlt_*', '1997-10-04', 'Grátis', 'Pix'),
('742.816.053-71', 'Sophie Mendes', 'sophie.mendes@gmail.com', '_n6GGxL2Tf', '1991-06-09', 'Pago', 'Pix'),
('548.609.721-20', 'Levi da Rocha', 'levi.darocha@gmail.com', '_bQ2EgrNw*', '1995-03-27', 'Pago', 'Pix'),
('170.462.389-87', 'Henry Cavalcante', 'henry.cavalcante@gmail.com', 'V!t0B8&*jp', '1964-04-06', 'Pago', 'Crédito'),
('047.169.583-10', 'Allana Fonseca', 'allana.fonseca@gmail.com', 'Q%3EVShx%N', '1947-03-21', 'Grátis', 'Crédito'),
('928.536.140-42', 'Pedro Miguel Montenegro', 'pedromiguel.montenegro@gmail.com', 'u3WDbi1P+n', '1963-11-02', 'Grátis', 'Débito'),
('971.802.654-11', 'Sophia da Luz', 'sophia.daluz@gmail.com', '*JC1bqDr7I', '1995-07-10', 'Grátis', 'Crédito'),
('837.520.164-26', 'João Pedro da Conceição', 'joaopedro.daconceicao@gmail.com', 'L#!6Mw58Nn', '1994-09-12', 'Pago', 'Pix'),
('157.803.946-01', 'Davi Lucca Santos', 'davilucca.santos@gmail.com', 'HZ0OWDxX@8', '1985-10-01', 'Pago', 'Débito'),
('854.321.790-32', 'Laís Fonseca', 'lais.fonseca@gmail.com', '_yAIOL*uM5', '1986-02-22', 'Grátis', 'Crédito'),
('241.397.865-82', 'Bruno Macedo', 'bruno.macedo@gmail.com', 'RB9GWWHyy+', '2001-03-22', 'Grátis', 'Pix'),
('635.294.087-00', 'Isadora Cavalcante', 'isadora.cavalcante@gmail.com', '+Y8CBw7a1v', '1984-01-10', 'Grátis', 'Crédito'),
('185.604.937-00', 'Vinícius Nunes', 'vinicius.nunes@gmail.com', 'C7G5U86d*0', '1970-05-02', 'Pago', 'Pix'),
('956.302.748-56', 'Mateus Brito', 'mateus.brito@gmail.com', '@79!WPAiWG', '1965-09-24', 'Grátis', 'Débito'),
('486.259.013-60', 'Pietro Oliveira', 'pietro.oliveira@gmail.com', '_k5SF3Jq!a', '1997-07-19', 'Grátis', 'Crédito'),
('460.932.187-40', 'Maria Fernanda Gonçalves', 'mariafernanda.goncalves@gmail.com', 'K&m9I1xJW8', '1967-01-16', 'Pago', 'Pix'),
('032.576.819-68', 'Nathan Moura', 'nathan.moura@gmail.com', '8ZHvZ4uq)2', '1984-02-04', 'Pago', 'Débito'),
('352.091.678-95', 'Catarina da Mata', 'catarina.damata@gmail.com', 'iOh1HXTdG(', '1986-12-03', 'Pago', 'Pix'),
('509.813.726-86', 'Raul Vargas', 'raul.vargas@gmail.com', 'Q6gTUgJD_+', '2002-08-05', 'Grátis', 'Crédito'),
('547.382.610-53', 'Henry Pimenta', 'henry.pimenta@gmail.com', 'n(!0Snfmqo', '1998-01-20', 'Grátis', 'Débito'),
('245.980.731-79', 'Lucas Pinto', 'lucas.pinto@gmail.com', 'I3P1)fBu!G', '1970-05-26', 'Grátis', 'Pix'),
('629.405.318-89', 'Levi Freitas', 'levi.freitas@gmail.com', 'FRk2BfgZs^', '1992-04-02', 'Pago', 'Crédito'),
('702.518.346-62', 'Elisa Fernandes', 'elisa.fernandes@gmail.com', 'Zs@CAgx1%5', '1984-09-21', 'Grátis', 'Pix'),
('475.862.093-83', 'Theo Câmara', 'theo.camara@gmail.com', '%ph50!Ok+*', '2000-07-04', 'Pago', 'Pix'),
('034.897.251-23', 'Caleb Barbosa', 'caleb.barbosa@gmail.com', 'C&J6KPzhRM', '1977-07-30', 'Grátis', 'Crédito'),
('328.091.764-69', 'Luna Novais', 'luna.novais@gmail.com', '^BhJJuLkY1', '1993-11-29', 'Grátis', 'Crédito'),
('162.780.539-77', 'Cauê Pereira', 'caue.pereira@gmail.com', 'K2E0AScw(v', '2006-10-17', 'Grátis', 'Pix'),
('435.097.186-66', 'Cecília Rezende', 'cecilia.rezende@gmail.com', '0WyN+QgM@8', '1979-07-27', 'Pago', 'Débito'),
('948.102.735-04', 'Cecilia da Luz', 'cecilia.daluz@gmail.com', '_050vFycNm', '1955-06-15', 'Pago', 'Crédito');

INSERT INTO Professor (nome, email, especializacao) VALUES
('Marcos Silva',        'marcossilva@gmail.com',        'Desenvolvimento Web'),
('Luciana Almeida',     'lucianaalmeida@hotmail.com',   'Desenvolvimento Mobile'),
('Carlos Santos',       'carlossantos@gmail.com',       'Data Science'),
('Patrícia Oliveira',   'patriciaoliveira@hotmail.com', 'Inteligência Artificial'),
('Roberto Pereira',     'robertopereira@gmail.com',     'DevOps'),
('Fernanda Costa',      'fernandacosta@hotmail.com',    'UX/UI Design'),
('Ana Souza',           'anasouza@gmail.com',           'Cybersecurity'),
('Bruno Rocha',         'brunorocha@hotmail.com',       'Banco de Dados'),
('Débora Nunes',        'deboranunes@gmail.com',        'Engenharia de Software'),
('Felipe Cardoso',      'felipecardoso@hotmail.com',    'Arquitetura de Software'),
('Gabriela Mendes',     'gabrielamendes@gmail.com',     'Desenvolvimento de Jogos'),
('João Fernandes',      'joaofernandes@hotmail.com',    'Cloud Computing'),
('Camila Ribeiro',      'camilaribeiro@gmail.com',      'Redes de Computadores'),
('Renato Carvalho',     'renatocarvalho@hotmail.com',   'Machine Learning'),
('Isabela Martins',     'isabelamartins@gmail.com',     'Processamento de Dados'),
('Lucas Moreira',       'lucasmoreira@hotmail.com',     'Segurança de Redes'),
('Larissa Batista',     'larissabatista@gmail.com',     'Big Data'),
('Paulo Barreto',       'paulobarreto@hotmail.com',     'Blockchain'),
('Vanessa Silva',       'vanessasilva@gmail.com',       'Computação em Nuvem'),
('Rodrigo Monteiro',    'rodrigomonteiro@hotmail.com',  'Análise de Dados');

INSERT INTO Habilidade (id, nome, nivel) VALUES
(1,             'JavaScript',               'Avançado'),
(61,            'HTML/CSS',                 'Iniciante'),
(2,             'HTML/CSS',                 'Intermediário'),
(3,             'HTML/CSS',                 'Avançado'),
(60,            'Node.js',                  'Intermediário'),
(4,             'Node.js',                  'Avançado'),
(5,             'Selenium',                 'Avançado'),
(6,             'Kotlin',                   'Iniciante'),
(7,             'Python',                   'Iniciante'),
(8,             'Python',                   'Intermediário'),
(9,             'IA',                       'Intermediário'),
(10,            'Jira',                     'Iniciante'),
(58,            'Jira',                     'Avançado'),
(11,            'UX/UI',                    'Intermediário'),
(12,            'Segurança da Informação',  'Avançado'),
(13,            'SQL',                      'Iniciante'),
(59,            'SQL',                      'Avançado'),
(14,            'Gestão de Projetos',       'Intermediário'),
(15,            'Arquitetura de Software',  'Avançado'),
(16,            'C++',                      'Avançado'),
(17,            'Amazon AWS',               'Iniciante'),
(18,            'Administração de Redes',   'Intermediário'),
(19,            'R',                        'Intermediário'),
(20,            'Machine Learning',         'Intermediário'),
(21,            'Processamento de Dados',   'Avançado'),
(22,            'Blockchain',               'Intermediário'),
(23,            'Excel',                    'Avançado'),
(24,            'Automação de Testes',      'Avançado'),
(25,            'Lógica de Programação',    'Iniciante'),
(26,            'Java',                     'Intermediário'),
(27,            'Power BI',                 'Iniciante'),
(28,            'Kubernetes',               'Avançado'),
(29,            'Ruby on Rails',            'Intermediário'),
(30,            'REST',                     'Intermediário'),
(31,            'Angular',                  'Iniciante'),
(32,            'React Native',             'Intermediário'),
(33,            'Hadoop',                   'Avançado'),
(34,            'Testes de Software',       'Intermediário'),
(35,            'Unreal Engine',            'Avançado'),
(36,            'TypeScript',               'Iniciante'),
(37,            'Gestão de Produtos',       'Intermediário'),
(38,            'Docker',                   'Iniciante'),
(39,            'Django',                   'Intermediário'),
(40,            'Flutter',                  'Intermediário'),
(41,            'ElasticSearch',            'Iniciante'),
(42,            'TensorFlow',               'Avançado'),
(43,            'Ciência de Dados',         'Iniciante'),
(44,            'Marketing Digital',        'Iniciante'),
(45,            'PHP',                      'Intermediário'),
(46,            'MongoDB',                  'Intermediário'),
(47,            'Scala',                    'Avançado'),
(48,            'C#',                       'Iniciante'),
(49,            'Design Thinking',          'Iniciante'),
(50,            'IoT',                      'Intermediário'),
(51,            'Shell Script',             'Avançado'),
(52,            'PowerShell',               'Avançado'),
(53,            'Go',                       'Intermediário'),
(54,            'Sistemas Operacionais',    'Intermediário'),
(55,            'Bash',                     'Intermediário'),
(56,            'Markdown',                 'Intermediário'),
(57,            'Git',                      'Avançado');

INSERT INTO Curso (nome, descricao, duracao, nivel, data_lancamento, acesso, categoria) VALUES
('Desenvolvimento Web Completo',            'Aprenda a criar sites e aplicações web do zero.',              120,    'Avançado',         '2020-01-15', 'Grátis', 'Web'),
('Introdução ao Desenvolvimento Mobile',    'Curso básico de desenvolvimento para Android e iOS.',          80,     'Iniciante',        '2020-02-01', 'Pago', 'Mobile'),
('Data Science com Python',                 'Análise de dados e machine learning utilizando Python.',       100,    'Intermediário',    '2020-02-20', 'Pago', 'Data Science'),
('Fundamentos de Inteligência Artificial',  'Entenda os princípios e técnicas de IA.',                      60,     'Intermediário',    '2020-03-05', 'Pago', 'IA'),
('DevOps para Iniciantes',                  'Introdução às práticas de DevOps e automação de processos.',   90,     'Iniciante',        '2020-03-15', 'Grátis', 'DevOps'),
('UX/UI Design na Prática',                 'Criação de interfaces intuitivas e experiências de usuário.',  70,     'Intermediário',    '2020-04-10', 'Pago', 'Frontend'),
('Segurança da Informação',                 'Curso sobre princípios de segurança em TI.',                   80,     'Avançado',         '2020-04-25', 'Grátis', 'Outros'),
('Banco de Dados com SQL',                  'Aprenda a modelar e gerenciar bancos de dados relacionais.',   90,     'Iniciante',        '2020-05-10', 'Pago', 'Banco de Dados'),
('Engenharia de Software',                  'Metodologias ágeis e gestão de projetos de software.',         110,    'Intermediário',    '2020-05-20', 'Grátis', 'Outros'),
('Arquitetura de Software',                 'Entenda como estruturar software de maneira eficaz.',          100,    'Avançado',         '2020-06-01', 'Pago', 'Backend'),
('Desenvolvimento de Jogos',                'Criação de jogos 2D e 3D com Unity.',                          130,    'Avançado',         '2020-06-15', 'Grátis', 'Outros'),
('Cloud Computing para Iniciantes',         'Conceitos básicos sobre computação em nuvem.',                 70,     'Iniciante',        '2020-07-01', 'Pago', 'DevOps'),
('Redes de Computadores',                   'Aprenda sobre configuração e gestão de redes.',                80,     'Intermediário',    '2020-07-15', 'Grátis', 'Outros'),
('Machine Learning com R',                  'Introdução ao machine learning usando a linguagem R.',         90,     'Intermediário',    '2020-08-01', 'Pago', 'IA'),
('Processamento de Dados com Apache Spark', 'Aprenda a processar grandes volumes de dados.',                110,    'Avançado',         '2020-08-15', 'Pago', 'Data Science'),
('Blockchain: Fundamentos e Aplicações',    'Entenda como funciona a tecnologia blockchain.',               80,     'Intermediário',    '2020-09-01', 'Pago', 'Data Science'),
('Análise de Dados com Excel',              'Ferramentas de análise de dados usando Excel.',                70,     'Avançado',         '2020-09-15', 'Pago', 'Data Science'),
('Automação de Testes',                     'Técnicas e ferramentas para automação de testes de software.', 90,     'Avançado',         '2020-10-01', 'Pago', 'DevOps'),
('Programação para Iniciantes',             'Aprenda os conceitos básicos de programação.',                 80,     'Iniciante',        '2020-10-15', 'Grátis', 'Backend'),
('Desenvolvimento em Java',                 'Fundamentos do desenvolvimento de aplicações em Java.',        100,    'Intermediário',    '2020-11-01', 'Pago', 'Backend'),
('Python para Automação',                   'Automatize tarefas repetitivas com Python.',                   60,     'Iniciante',        '2020-11-15', 'Grátis', 'DevOps'),
('Introdução ao Power BI',                  'Aprenda a criar relatórios e dashboards interativos.',         50,     'Iniciante',        '2020-12-01', 'Grátis', 'Data Science'),
('Kubernetes na Prática',                   'Gerenciamento de contêineres com Kubernetes.',                 80,     'Avançado',         '2020-12-10', 'Pago', 'DevOps'),
('Introdução ao Ruby on Rails',             'Desenvolvimento web usando Ruby on Rails.',                    90,     'Intermediário',    '2020-12-20', 'Grátis', 'Web'),
('JavaScript Avançado',                     'Aprofunde seus conhecimentos em JavaScript.',                  70,     'Avançado',         '2020-01-10', 'Pago', 'Frontend'),
('Construção de APIs REST',                 'Crie APIs RESTful usando padrões modernos.',                   100,    'Intermediário',    '2020-01-20', 'Pago', 'Backend'),
('Angular Básico',                          'Introdução ao framework Angular para desenvolvimento web.',    80,     'Iniciante',        '2020-02-01', 'Grátis', 'Frontend'),
('React Native para Mobile',                'Desenvolva apps para Android e iOS com React Native.',         110,    'Intermediário',    '2020-02-10', 'Pago', 'Mobile'),
('Big Data com Hadoop',                     'Introdução ao Big Data e Hadoop.',                             100,    'Avançado',         '2020-02-20', 'Pago', 'Data Science'),
('Teste de Software na Prática',            'Aprenda sobre testes manuais e automatizados.',                60,     'Intermediário',    '2020-03-01', 'Grátis', 'DevOps'),
('Game Development com Unreal Engine',      'Criação de jogos avançados com Unreal Engine.',                130,    'Avançado',         '2020-03-15', 'Pago', 'Outros'),
('Introdução ao TypeScript',                'Aprimore JavaScript com TypeScript.',                          50,     'Iniciante',        '2020-04-01', 'Grátis', 'Frontend'),
('Gestão de Produtos Digitais',             'Metodologias e ferramentas para gestão de produtos.',          90,     'Intermediário',    '2020-04-10', 'Pago', 'Outros'),
('Noções de Docker',                        'Trabalhe com contêineres usando Docker.',                      70,     'Iniciante',        '2020-04-20', 'Grátis', 'DevOps'),
('Desenvolvimento Backend com Node.js',     'Criação de servidores robustos com Node.js.',                  120,    'Avançado',         '2020-05-01', 'Pago', 'Backend'),
('Django para Web',                         'Desenvolvimento web com Python e Django.',                     100,    'Intermediário',    '2020-05-10', 'Grátis', 'Web'),
('Flutter na Prática',                      'Criação de apps móveis com Flutter.',                          110,    'Intermediário',    '2020-05-20', 'Pago', 'Mobile'),
('ElasticSearch Básico',                    'Armazenamento e busca de dados com ElasticSearch.',            80,     'Iniciante',        '2020-06-01', 'Grátis', 'Banco de Dados'),
('Inteligência Artificial com TensorFlow',  'Criação de modelos de IA com TensorFlow.',                     90,     'Avançado',         '2020-06-10', 'Pago', 'IA'),
('Introdução à Ciência de Dados',           'Entenda os conceitos básicos da ciência de dados.',            100,    'Iniciante',        '2020-06-20', 'Grátis', 'Data Science'),
('Marketing Digital para Empresas',         'Estratégias para marketing digital.',                          70,     'Iniciante',        '2020-07-01', 'Pago', 'Outros'),
('Excel Avançado',                          'Automatize planilhas e crie gráficos avançados.',              80,     'Avançado',         '2020-07-10', 'Pago', 'Data Science'),
('PHP para Web',                            'Desenvolvimento web utilizando PHP.',                          90,     'Intermediário',    '2020-07-20', 'Grátis', 'Web'),
('MongoDB na Prática',                      'Armazenamento de dados em banco de dados NoSQL.',              70,     'Intermediário',    '2020-08-01', 'Pago', 'Banco de Dados'),
('Programação Funcional com Scala',         'Paradigma funcional usando Scala.',                            90,     'Avançado',         '2020-08-10', 'Pago', 'Backend'),
('Introdução ao C#',                        'Fundamentos da programação com C#.',                           70,     'Iniciante',        '2020-08-20', 'Grátis', 'Backend'),
('Design Thinking para Inovação',           'Processos criativos para resolução de problemas.',             60,     'Iniciante',        '2020-09-01', 'Grátis', 'Outros'),
('Internet das Coisas (IoT)',               'Conceitos e práticas de IoT.',                                 90,     'Intermediário',    '2020-09-10', 'Pago', 'Outros'),
('Automação com Shell Script',              'Automatize tarefas em sistemas Unix.',                         80,     'Avançado',         '2020-09-20', 'Grátis', 'DevOps'),
('Linguagem Go para Backend',               'Desenvolvimento backend utilizando Go.',                       100,    'Intermediário',    '2020-10-01', 'Pago', 'Backend'),
('Sistemas Operacionais na Prática',        'Entenda conceitos e funcionamento de sistemas operacionais.',  100,    'Intermediário',    '2020-10-15', 'Grátis', 'Outros');

INSERT INTO Habilidade_Curso (nome_curso, id_habilidade) VALUES
('Desenvolvimento Web Completo',            1),
('Desenvolvimento Web Completo',            3),
('Desenvolvimento Web Completo',            4),
('Desenvolvimento Web Completo',            5),
('Introdução ao Desenvolvimento Mobile',    6),
('Data Science com Python',                 8),
('Fundamentos de Inteligência Artificial',  9),
('DevOps para Iniciantes',                  10),
('UX/UI Design na Prática',                 11),
('UX/UI Design na Prática',                 2),
('Segurança da Informação',                 12),
('Banco de Dados com SQL',                  13),
('Engenharia de Software',                  14),
('Arquitetura de Software',                 15),
('Desenvolvimento de Jogos',                16),
('Cloud Computing para Iniciantes',         17),
('Redes de Computadores',                   18),
('Machine Learning com R',                  19),
('Machine Learning com R',                  20),
('Processamento de Dados com Apache Spark', 21),
('Blockchain: Fundamentos e Aplicações',    22),
('Análise de Dados com Excel',              23),
('Automação de Testes',                     24),
('Programação para Iniciantes',             25),
('Desenvolvimento em Java',                 26),
('Python para Automação',                   7),
('Introdução ao Power BI',                  27),
('Kubernetes na Prática',                   28),
('Introdução ao Ruby on Rails',             29),
('JavaScript Avançado',                     1),
('JavaScript Avançado',                     60),
('Construção de APIs REST',                 30),
('Angular Básico',                          31),
('React Native para Mobile',                32),
('Big Data com Hadoop',                     33),
('Teste de Software na Prática',            34),
('Game Development com Unreal Engine',      35),
('Introdução ao TypeScript',                36),
('Gestão de Produtos Digitais',             37),
('Noções de Docker',                        38),
('Desenvolvimento Backend com Node.js',     4),
('Django para Web',                         39),
('Flutter na Prática',                      40),
('ElasticSearch Básico',                    41),
('Inteligência Artificial com TensorFlow',  42),
('Introdução à Ciência de Dados',           43),
('Marketing Digital para Empresas',         44),
('Excel Avançado',                          23),
('PHP para Web',                            45),
('PHP para Web',                            61),
('MongoDB na Prática',                      46),
('Programação Funcional com Scala',         47),
('Introdução ao C#',                        48),
('Design Thinking para Inovação',           49),
('Internet das Coisas (IoT)',               50),
('Automação com Shell Script',              51),
('Automação com Shell Script',              52),
('Linguagem Go para Backend',               53),
('Sistemas Operacionais na Prática',        54),
('Sistemas Operacionais na Prática',        55);


INSERT INTO Aula (nome_curso, nome, descricao, duracao, tipo, ordem_dentro_modulo) VALUES
-- Aulas para Módulos de Desenvolvimento Web Completo
('Desenvolvimento Web Completo',   'Aula 1: O que é Desenvolvimento Web?', 'Introdução ao conceito de desenvolvimento web e suas áreas.',  30, 'video', 1),
('Desenvolvimento Web Completo',   'Aula 2: Ferramentas Necessárias',      'Apresentação das ferramentas que serão utilizadas.',           25, 'texto', 2),

('Desenvolvimento Web Completo',  'Aula 3: Estrutura Básica do HTML', 'Aprenda sobre a estrutura básica de um documento HTML.',   40, 'video', 3),
('Desenvolvimento Web Completo',  'Aula 4: Estilizando com CSS',      'Introdução ao CSS e como aplicá-lo ao HTML.',              35, 'texto', 4),

('Desenvolvimento Web Completo',   'Aula 5: Introdução ao JavaScript', 'Conceitos fundamentais do JavaScript.',        50, 'video', 5),
('Desenvolvimento Web Completo',   'Aula 6: Manipulando o DOM',        'Como interagir com o DOM usando JavaScript.',  45, 'texto', 6),

-- Aulas para Módulos de Introdução ao Desenvolvimento Mobile
('Introdução ao Desenvolvimento Mobile',    'Aula 1: O que é Desenvolvimento Mobile?',  'Fundamentos do desenvolvimento para dispositivos móveis.',         30, 'video', 1),
('Introdução ao Desenvolvimento Mobile',    'Aula 2: Principais Plataformas',           'Comparação entre as principais plataformas de desenvolvimento.',   25, 'texto', 2),

('Introdução ao Desenvolvimento Mobile',  'Aula 3: Configuração do Ambiente Android', 'Como configurar o ambiente de desenvolvimento para Android.',  40, 'video', 3),
('Introdução ao Desenvolvimento Mobile',  'Aula 4: Primeira Aplicação Android',       'Desenvolvendo sua primeira aplicação Android.',                35, 'texto', 4),

('Introdução ao Desenvolvimento Mobile',  'Aula 5: Introdução ao Xcode',              'Fundamentos do uso do Xcode para desenvolvimento iOS.',    50, 'video', 5),
('Introdução ao Desenvolvimento Mobile',  'Aula 6: Criando uma Aplicação iOS',        'Passo a passo para criar uma aplicação simples em iOS.',   45, 'texto', 6),

-- Aulas para Módulos de Data Science com Python
('Data Science com Python',   'Aula 1: O que é Ciência de Dados?',        'Conceitos básicos sobre ciência de dados e suas aplicações.',  30, 'video', 1),
('Data Science com Python',   'Aula 2: Ferramentas de Ciência de Dados',  'Principais ferramentas utilizadas na ciência de dados.',       25, 'texto', 2),

('Data Science com Python', 'Aula 3: Introdução ao Pandas', 'Fundamentos da biblioteca Pandas.',    40, 'video', 3),
('Data Science com Python', 'Aula 4: Limpeza de Dados',     'Como limpar dados utilizando Pandas.', 35, 'texto', 4),

('Data Science com Python',    'Aula 5: Criando Gráficos Simples', 'Aprenda a criar gráficos simples com Matplotlib.', 50, 'video', 5),
('Data Science com Python',    'Aula 6: Gráficos Avançados',       'Explorando gráficos avançados e personalização.',  45, 'texto', 6),

-- Aulas para Módulos de Fundamentos de Inteligência Artificial
('Fundamentos de Inteligência Artificial', 'Aula 1: História da IA',   'Breve história da inteligência artificial.',   30, 'video', 1),
('Fundamentos de Inteligência Artificial', 'Aula 2: Aplicações da IA', 'Casos de uso da inteligência artificial.',     25, 'texto', 2),

('Fundamentos de Inteligência Artificial',  'Aula 3: O que é Aprendizado de Máquina?',  'Conceitos básicos do aprendizado de máquina.',                 40, 'video', 3),
('Fundamentos de Inteligência Artificial',  'Aula 4: Tipos de Algoritmos',              'Entendendo os diferentes tipos de algoritmos de aprendizado.', 35, 'texto', 4),

('Fundamentos de Inteligência Artificial',   'Aula 5: Introdução às Redes Neurais',      'Conceitos fundamentais sobre redes neurais.',              50, 'video', 5),
('Fundamentos de Inteligência Artificial',   'Aula 6: Como Funcionam as Redes Neurais',  'Explorando o funcionamento interno das redes neurais.',    45, 'texto', 6),

-- Aulas para Módulos de DevOps para Iniciantes
('DevOps para Iniciantes',   'Aula 1: O que é DevOps?',  'Conceitos e princípios de DevOps.',    30, 'video', 1),
('DevOps para Iniciantes',   'Aula 2: Cultura DevOps',   'A importância da cultura no DevOps.',  25, 'texto', 2),

('DevOps para Iniciantes', 'Aula 3: Ferramentas de Automação', 'Principais ferramentas para automação de infraestrutura.', 40, 'video', 3),
('DevOps para Iniciantes', 'Aula 4: Implantação Contínua',     'Conceitos de implantação contínua.',                       35, 'texto', 4),

('DevOps para Iniciantes', 'Aula 5: Introdução ao Monitoramento',  'Fundamentos do monitoramento em DevOps.',      50, 'video', 5),
('DevOps para Iniciantes', 'Aula 6: Ferramentas de Monitoramento', 'Ferramentas populares para monitoramento.',    45, 'texto', 6),

-- Aulas para Módulos de UX/UI Design na Prática
('UX/UI Design na Prática',    'Aula 1: Teoria das Cores', 'Introdução à teoria das cores no design.',             30, 'video', 1),
('UX/UI Design na Prática',    'Aula 2: Tipografia',       'Fundamentos de tipografia no design de interfaces.',   25, 'texto', 2),

('UX/UI Design na Prática',   'Aula 3: Introdução ao Figma',  'Como usar o Figma para design de interfaces.', 40, 'video', 3),
('UX/UI Design na Prática',   'Aula 4: Prototipagem',         'Criando protótipos no Figma.',                 35, 'texto', 4),

('UX/UI Design na Prática',   'Aula 5: O que é Teste de Usabilidade?',    'Conceitos e importância dos testes de usabilidade.',   50, 'video', 5),
('UX/UI Design na Prática',   'Aula 6: Métodos de Teste',                 'Explorando métodos de testes de usabilidade.',         45, 'texto', 6),

-- Aulas para Módulos de Segurança da Informação
('Segurança da Informação',  'Aula 1: Importância da Segurança da Informação',   'Por que a segurança da informação é essencial?',       30, 'video', 1),
('Segurança da Informação',  'Aula 2: Princípios da Segurança',                  'Princípios fundamentais de segurança da informação.',  25, 'texto', 2),

('Segurança da Informação',    'Aula 3: Phishing', 'O que é phishing e como se proteger.',     40, 'video',    3),
('Segurança da Informação',    'Aula 4: Malware',  'Tipos de malware e suas consequências.',   35, 'texto',    4),

('Segurança da Informação',   'Aula 5: Criptografia', 'Conceitos básicos sobre criptografia.',                50, 'video', 5),
('Segurança da Informação',   'Aula 6: Autenticação', 'Métodos de autenticação em segurança da informação.',  45, 'texto', 6),

-- Aulas para Módulos de Banco de Dados com SQL
('Banco de Dados com SQL',    'Aula 1: O que é SQL?',         'Conceitos básicos sobre SQL.', 30, 'video', 1),
('Banco de Dados com SQL',    'Aula 2: Instalando o MySQL',   'Como instalar o MySQL.',       25, 'texto', 2),

('Banco de Dados com SQL', 'Aula 3: SELECT e WHERE',   'Como usar SELECT e WHERE em consultas SQL.',   40, 'video', 3),
('Banco de Dados com SQL', 'Aula 4: ORDER BY e LIMIT', 'Organizando resultados com ORDER BY e LIMIT.', 35, 'texto', 4),

('Banco de Dados com SQL', 'Aula 5: INNER JOIN',   'Entendendo INNER JOIN em SQL.',            50, 'video', 5),
('Banco de Dados com SQL', 'Aula 6: OUTER JOIN',   'Diferença entre INNER JOIN e OUTER JOIN.', 45, 'texto', 6),

-- Aulas para Módulos de Engenharia de Software
('Engenharia de Software',   'Aula 1: O que é o Ciclo de Vida do Software?', 'Fundamentos do ciclo de vida do software.',                    30, 'video', 1),
('Engenharia de Software',   'Aula 2: Modelos de Desenvolvimento',           'Comparação entre os principais modelos de desenvolvimento.',   25, 'texto', 2),

('Engenharia de Software',  'Aula 3: O que são Metodologias Ágeis?',    'Conceitos básicos sobre metodologias ágeis.',  40, 'video', 3),
('Engenharia de Software',  'Aula 4: Scrum',                            'Como funciona o Scrum na prática.',            35, 'texto', 4),

-- Aulas para Python para Automação
('Python para Automação', 'Aula 1: Introdução ao Python', 'Fundamentos da linguagem Python.', 40, 'video', 1),

('Python para Automação', 'Aula 2: Automação de Tarefas', 'Automatize tarefas repetitivas utilizando Python.', 45, 'texto', 2),

('Python para Automação', 'Aula 3: Manipulação de Arquivos', 'Como ler, escrever e modificar arquivos com Python.', 35, 'video', 3),

-- Aulas para Introdução ao Power BI
('Introdução ao Power BI', 'Aula 1: Fundamentos do Power BI', 'Introdução às ferramentas e interface do Power BI.', 30, 'video', 1),

('Introdução ao Power BI', 'Aula 2: Criação de Relatórios', 'Aprenda a criar relatórios básicos no Power BI.', 35, 'texto', 2),

('Introdução ao Power BI', 'Aula 3: Dashboards Interativos', 'Como criar dashboards dinâmicos e interativos.', 40, 'video', 3),

-- Aulas para Kubernetes na Prática
('Kubernetes na Prática', 'Aula 1: Introdução ao Kubernetes', 'Fundamentos do Kubernetes e arquitetura de contêineres.', 45, 'video', 1),

('Kubernetes na Prática', 'Aula 2: Gerenciamento de Pods', 'Como gerenciar Pods e Deployments no Kubernetes.', 50, 'texto', 2),

('Kubernetes na Prática', 'Aula 3: Escalabilidade e Monitoramento', 'Escalando aplicações e monitorando o Kubernetes.', 55, 'video', 3),

-- Aulas para Introdução ao Ruby on Rails
('Introdução ao Ruby on Rails', 'Aula 1: Fundamentos do Ruby on Rails', 'Introdução ao framework Ruby on Rails e sua estrutura.', 40, 'video', 1),

('Introdução ao Ruby on Rails', 'Aula 2: Modelos, Visões e Controladores', 'MVC no Ruby on Rails: Como organizar suas aplicações.', 45, 'texto', 2),

('Introdução ao Ruby on Rails', 'Aula 3: Construção de uma Aplicação Web', 'Desenvolvendo uma aplicação web completa com Rails.', 50, 'video', 3),

-- Aulas para JavaScript Avançado
('JavaScript Avançado', 'Aula 1: Funções Avançadas e Closures', 'Conceitos avançados de funções e closures no JavaScript.', 40, 'video', 1),

('JavaScript Avançado', 'Aula 2: Manipulação Assíncrona com Promises', 'Como trabalhar com Promises e funções assíncronas.', 45, 'texto', 2),

('JavaScript Avançado', 'Aula 3: Frameworks JavaScript', 'Introdução aos principais frameworks JavaScript (React, Vue, etc.).', 50, 'video', 3),

-- Aulas para Construção de APIs REST
('Construção de APIs REST', 'Aula 1: Introdução a APIs REST', 'Conceitos fundamentais de APIs RESTful e HTTP.', 40, 'video', 1),

('Construção de APIs REST', 'Aula 2: Autenticação e Autorização', 'Implementando autenticação e autorização em APIs REST.', 45, 'texto', 2),

('Construção de APIs REST', 'Aula 3: Desenvolvimento e Testes de APIs', 'Desenvolvendo e testando APIs RESTful com ferramentas modernas.', 50, 'video', 3),

('Construção de APIs REST', 'Aula 4: Deploy e Escalabilidade', 'Como realizar o deploy e escalar suas APIs.', 55, 'texto', 4),

-- Aulas para Angular Básico
('Angular Básico', 'Aula 1: Introdução ao Angular', 'Fundamentos do framework Angular para aplicações web.', 40, 'video', 1),

('Angular Básico', 'Aula 2: Componentes e Templates', 'Como criar e usar componentes e templates no Angular.', 45, 'texto', 2),

('Angular Básico', 'Aula 3: Diretivas e Serviços', 'Introdução a diretivas e serviços no Angular.', 50, 'video', 3),

-- Aulas para React Native para Mobile
('React Native para Mobile', 'Aula 1: Introdução ao React Native', 'Fundamentos do React Native e criação de aplicações móveis.', 40, 'video', 1),

('React Native para Mobile', 'Aula 2: Componentes e Navegação', 'Trabalhando com componentes e navegação em React Native.', 45, 'texto', 2),

('React Native para Mobile', 'Aula 3: Acesso a APIs e Armazenamento Local', 'Integrando APIs e usando armazenamento local em apps móveis.', 50, 'video', 3),

('React Native para Mobile', 'Aula 4: Publicação no Google Play e App Store', 'Como publicar aplicativos móveis em lojas de apps.', 55, 'texto', 4),

-- Aulas para Big Data com Hadoop
('Big Data com Hadoop', 'Aula 1: Introdução ao Big Data e Hadoop', 'Conceitos de Big Data e a arquitetura do Hadoop.', 45, 'video', 1),

('Big Data com Hadoop', 'Aula 2: Processamento de Dados com MapReduce', 'Como utilizar MapReduce para processar dados no Hadoop.', 50, 'texto', 2),

('Big Data com Hadoop', 'Aula 3: Armazenamento e Análise de Dados', 'Trabalhando com HDFS e realizando análises de dados em larga escala.', 55, 'video', 3),

-- Aulas para Teste de Software na Prática
('Teste de Software na Prática', 'Aula 1: Introdução aos Testes de Software', 'Fundamentos do teste de software e a importância dos testes.', 40, 'video', 1),
('Teste de Software na Prática', 'Aula 2: Testes Manuais', 'Como realizar testes manuais em diferentes tipos de software.', 45, 'texto', 2),
('Teste de Software na Prática', 'Aula 3: Testes Automatizados', 'Introdução aos testes automatizados usando ferramentas populares.', 50, 'video', 3),

-- Aulas para Game Development com Unreal Engine
('Game Development com Unreal Engine', 'Aula 1: Introdução ao Unreal Engine', 'Fundamentos da Unreal Engine e criação do seu primeiro jogo.', 45, 'video', 1),

('Game Development com Unreal Engine', 'Aula 2: Criação de Personagens e Animações', 'Como criar e animar personagens dentro da Unreal Engine.', 50, 'texto', 2),

('Game Development com Unreal Engine', 'Aula 3: Programação de Jogo com Blueprints', 'Aprenda a programar jogos utilizando Blueprints na Unreal Engine.', 55, 'video', 3),

('Game Development com Unreal Engine', 'Aula 4: Desenvolvimento de IA para Jogos', 'Como implementar inteligência artificial para jogos.', 60, 'texto', 4),

('Game Development com Unreal Engine', 'Aula 5: Otimizando e Publicando seu Jogo', 'Técnicas de otimização e publicação de jogos na Unreal Engine.', 65, 'video', 5),

-- Aulas para Introdução ao TypeScript
('Introdução ao TypeScript', 'Aula 1: Fundamentos do TypeScript', 'Entendendo os tipos e a sintaxe básica do TypeScript.', 40, 'video', 1),

('Introdução ao TypeScript', 'Aula 2: Tipos Avançados e Generics', 'Aprofundando-se em tipos avançados e generics no TypeScript.', 45, 'texto', 2),

('Introdução ao TypeScript', 'Aula 3: Integrando TypeScript com JavaScript', 'Como integrar TypeScript em projetos JavaScript existentes.', 50, 'video', 3),

-- Aulas para Gestão de Produtos Digitais
('Gestão de Produtos Digitais', 'Aula 1: Introdução à Gestão de Produtos Digitais', 'Conceitos fundamentais de gestão de produtos no ambiente digital.', 40, 'video', 1),

('Gestão de Produtos Digitais', 'Aula 2: Metodologias Ágeis', 'Como utilizar metodologias ágeis como Scrum e Kanban na gestão de produtos.', 45, 'texto', 2),

('Gestão de Produtos Digitais', 'Aula 3: Ferramentas de Gestão de Produtos', 'Ferramentas essenciais para o gerenciamento de produtos digitais.', 50, 'video', 3),

-- Aulas para Noções de Docker
('Noções de Docker', 'Aula 1: Introdução ao Docker', 'Fundamentos do Docker e como funciona o conceito de contêineres.', 40, 'video', 1),

('Noções de Docker', 'Aula 2: Criando e Gerenciando Contêineres', 'Como criar, gerenciar e rodar contêineres Docker.', 45, 'texto', 2),

('Noções de Docker', 'Aula 3: Docker Compose e Orquestração', 'Como usar o Docker Compose para orquestrar contêineres.', 50, 'video', 3),

-- Aulas para Desenvolvimento Backend com Node.js
('Desenvolvimento Backend com Node.js', 'Aula 1: Fundamentos do Node.js', 'Introdução ao Node.js e como configurar o ambiente de desenvolvimento.', 45, 'video', 1),

('Desenvolvimento Backend com Node.js', 'Aula 2: Criação de Servidores com Express.js', 'Como criar servidores robustos utilizando Express.js no Node.js.', 50, 'texto', 2),

('Desenvolvimento Backend com Node.js', 'Aula 3: Trabalhando com Banco de Dados', 'Como integrar bancos de dados, como MongoDB, com Node.js.', 55, 'video', 3),

('Desenvolvimento Backend com Node.js', 'Aula 4: Autenticação e Segurança', 'Implementando autenticação e segurança em APIs com Node.js.', 60, 'texto', 4),

('Desenvolvimento Backend com Node.js', 'Aula 5: Deploy de Aplicações Backend', 'Como realizar o deploy de aplicações backend com Node.js.', 65, 'video', 5),

-- Aulas para Django para Web
('Django para Web', 'Aula 1: Introdução ao Django', 'Fundamentos do framework Django e configuração inicial.', 40, 'video', 1),

('Django para Web', 'Aula 2: Trabalhando com Modelos', 'Como criar e gerenciar modelos no Django.', 45, 'texto', 2),

('Django para Web', 'Aula 3: Views e Templates', 'Como criar views dinâmicas e utilizar templates no Django.', 50, 'video', 3),

('Django para Web', 'Aula 4: Formulários e Validação', 'Criando e validando formulários com Django.', 55, 'texto', 4),

('Django para Web', 'Aula 5: Deploy e Segurança', 'Como fazer deploy de aplicativos Django e garantir a segurança.', 60, 'video', 5),

-- Aulas para Flutter na Prática
('Flutter na Prática', 'Aula 1: Introdução ao Flutter', 'Fundamentos do Flutter e configuração de ambiente para apps móveis.', 40, 'video', 1),

('Flutter na Prática', 'Aula 2: Widgets e Layouts', 'Como trabalhar com widgets e criar layouts no Flutter.', 45, 'texto', 2),

('Flutter na Prática', 'Aula 3: Gerenciamento de Estado', 'Como gerenciar o estado de um aplicativo Flutter.', 50, 'video', 3),

('Flutter na Prática', 'Aula 4: Acesso a APIs e Armazenamento Local', 'Integrando APIs e utilizando armazenamento local no Flutter.', 55, 'texto', 4),

('Flutter na Prática', 'Aula 5: Publicação de Apps Flutter', 'Como publicar aplicativos Flutter nas lojas de apps.', 60, 'video', 5),

-- Aulas para ElasticSearch Básico
('ElasticSearch Básico', 'Aula 1: Introdução ao ElasticSearch', 'Fundamentos do ElasticSearch e sua configuração inicial.', 40, 'video', 1),

('ElasticSearch Básico', 'Aula 2: Índices e Documentos', 'Como criar e gerenciar índices e documentos no ElasticSearch.', 45, 'texto', 2),

('ElasticSearch Básico', 'Aula 3: Consultas e Busca', 'Como realizar consultas e buscas no ElasticSearch.', 50, 'video', 3),

-- Aulas para Inteligência Artificial com TensorFlow
('Inteligência Artificial com TensorFlow', 'Aula 1: Introdução ao TensorFlow', 'Fundamentos do TensorFlow e configuração do ambiente de IA.', 45, 'video', 1),

('Inteligência Artificial com TensorFlow', 'Aula 2: Redes Neurais com TensorFlow', 'Como criar e treinar redes neurais com TensorFlow.', 50, 'texto', 2),

('Inteligência Artificial com TensorFlow', 'Aula 3: Deep Learning e Transfer Learning', 'Técnicas avançadas de Deep Learning e Transfer Learning no TensorFlow.', 55, 'video', 3),

('Inteligência Artificial com TensorFlow', 'Aula 4: Modelos de Produção com TensorFlow', 'Como levar modelos de IA para produção com TensorFlow.', 60, 'texto', 4),

-- Aulas para Introdução à Ciência de Dados
('Introdução à Ciência de Dados', 'Aula 1: Fundamentos da Ciência de Dados', 'Compreendendo os principais conceitos de Ciência de Dados.', 40, 'video', 1),

('Introdução à Ciência de Dados', 'Aula 2: Exploração de Dados e Pré-processamento', 'Como explorar e preparar dados para análise e modelagem.', 45, 'texto', 2),

('Introdução à Ciência de Dados', 'Aula 3: Introdução ao Machine Learning', 'Fundamentos de Machine Learning e como implementar modelos simples.', 50, 'video', 3),

('Introdução à Ciência de Dados', 'Aula 4: Visualização de Dados', 'Como utilizar ferramentas para visualizar dados de forma eficaz.', 55, 'texto', 4),

-- Aulas para Marketing Digital para Empresas
('Marketing Digital para Empresas', 'Aula 1: Introdução ao Marketing Digital', 'Fundamentos e estratégias iniciais de marketing digital para empresas.', 40, 'video', 1),

('Marketing Digital para Empresas', 'Aula 2: SEO e SEM', 'Estratégias de otimização para motores de busca (SEO) e marketing de busca (SEM).', 45, 'texto', 2),

('Marketing Digital para Empresas', 'Aula 3: Redes Sociais e Marketing de Conteúdo', 'Como utilizar redes sociais e criar conteúdo estratégico para engajamento.', 50, 'video', 3),

('Marketing Digital para Empresas', 'Aula 4: E-mail Marketing e Automação', 'Como criar campanhas de e-mail marketing e automatizar processos de comunicação.', 55, 'texto', 4);

INSERT INTO Empresa (nome, localizacao, setor, descricao, porte, sigla) VALUES
('Tech Solutions',          'São Paulo, SP',        'Tecnologia da Informação', 'Consultoria em TI e desenvolvimento de software', 'Médio', 'TS'),
('Innovatech',              'Rio de Janeiro, RJ',   'Desenvolvimento de Software', 'Soluções inovadoras em software', 'Grande', 'IT'),
('Data Insights',           'Belo Horizonte, MG',   'Análise de Dados', 'Análise e visualização de dados', 'Pequeno', 'DI'),
('Quality First',           'Curitiba, PR',         'Teste de Software', 'Serviços de QA e testes automatizados', 'Médio', 'QF'),
('Creative Labs',           'Porto Alegre, RS',     'Design e Criação', 'Agência de design e branding', 'Grande', 'CL'),
('Software Dynamics',       'Brasília, DF',         'Desenvolvimento de Software', 'Desenvolvimento ágil de software', 'Médio', 'SD'),
('OpsGenie',                'Florianópolis, SC',    'DevOps e Infraestrutura', 'Soluções de DevOps e automação', 'Grande', 'OG'),
('Project Hub',             'Campinas, SP',         'Gestão de Projetos', 'Gestão de projetos ágeis', 'Pequeno', 'PH'),
('SecureIT',                'Salvador, BA',         'Segurança da Informação', 'Consultoria em segurança da informação', 'Médio', 'SI'),
('LearnTech',               'Fortaleza, CE',        'Educação Online', 'Plataforma de cursos online', 'Grande', 'LT'),
('Mobile Innovations',      'Natal, RN',            'Desenvolvimento Mobile', 'Desenvolvimento de aplicativos móveis', 'Pequeno', 'MI'),
('Digital Reach',           'Recife, PE',           'Marketing Digital', 'Agência de marketing digital', 'Médio', 'DR'),
('Product Visionaries',     'Goiânia, GO',          'Gestão de Produtos', 'Especialistas em gestão de produtos digitais', 'Grande', 'PV'),
('Insight Analytics',       'Manaus, AM',           'Análise de Dados', 'Consultoria em análise de dados', 'Pequeno', 'IA'),
('Tech Advisors',           'Vitória, ES',          'Consultoria de TI', 'Consultoria em tecnologia da informação', 'Médio', 'TA'),
('Database Masters',        'Joinville, SC',        'Banco de Dados', 'Especialistas em bancos de dados', 'Pequeno', 'DM'),
('Full Stack Agency',       'Santos, SP',           'Desenvolvimento Web', 'Agência de desenvolvimento full stack', 'Grande', 'FSA'),
('AI Research Labs',        'Belo Horizonte, MG',   'Inteligência Artificial', 'Pesquisa e desenvolvimento em IA', 'Médio', 'AIRL'),
('Support Solutions',       'Caxias do Sul, RS',    'Suporte Técnico', 'Serviços de suporte técnico e helpdesk', 'Pequeno', 'SS'),
('Systems Analysis Inc.',   'São José, SC',         'Análise de Sistemas', 'Consultoria em análise de sistemas e requisitos', 'Médio', 'SAI');

INSERT INTO Vaga (id, nome, descricao, empresa, nivel, modalidade, salario, tempo_aberta, prazo) VALUES
(1,     'Desenvolvedor Front-end',                'Responsável pela criação e manutenção de interfaces de usuário.',                  'Tech Solutions',        'Pleno',        'Remoto',       'R$5.000 - R$7.000',   30,  '2024-12-31'),
(2,     'Desenvolvedor Back-end',                 'Foco em desenvolvimento de APIs e integração de sistemas.',                        'Innovatech',           'Senior',       'Híbrido',      'R$7.500 - R$9.500',   15,  '2024-11-30'),
(3,     'Cientista de Dados',                     'Análise de dados e construção de modelos preditivos.',                             'Data Insights',        'Senior',       'Presencial',   'R$8.000 - R$10.000',  20,  '2024-12-15'),
(4,     'Analista de Qualidade',                  'Garantir a qualidade dos produtos através de testes manuais e automatizados.',     'Quality First',        'Pleno',        'Híbrido',      'R$4.500 - R$6.500',   25,  '2024-12-20'),
(5,     'Designer de UI/UX',                      'Criação de interfaces intuitivas e experiências de usuário.',                      'Creative Labs',        'Pleno',        'Remoto',       'R$5.500 - R$7.500',   18,  '2024-11-25'),
(6,     'Engenheiro de Software',                 'Desenvolvimento de software em equipe e implementação de melhorias.',              'Software Dynamics',    'Senior',       'Presencial',   'R$8.500 - R$10.500',  12,  '2024-11-15'),
(7,     'Especialista em DevOps',                 'Implementação de práticas DevOps e automação de processos.',                       'OpsGenie',             'Senior',       'Remoto',       'R$9.000 - R$11.000',  22,  '2024-12-10'),
(8,     'Gerente de Projetos',                    'Liderar equipes em projetos de desenvolvimento de software.',                      'Project Hub',          'Senior',       'Híbrido',      'R$10.000 - R$12.000', 35,  '2025-01-15'),
(9,     'Analista de Segurança da Informação',    'Proteger os dados e sistemas da empresa.',                                         'SecureIT',             'Pleno',        'Presencial',   'R$6.000 - R$8.000',   28,  '2024-12-25'),
(10,    'Instrutor de Cursos Online',             'Criar e ministrar cursos de tecnologia.',                                          'LearnTech',            'Pleno',        'Remoto',       'R$4.000 - R$6.000',   40,  '2025-01-30'),
(11,    'Estágio Desenvolvedor Mobile',           'Criação de aplicativos para Android e iOS.',                                       'Mobile Innovations',   'Estagiário',   'Presencial',   'R$1.200 - R$1.800',   45,  '2025-02-15'),
(12,    'Analista de Marketing Digital',          'Planejamento e execução de campanhas online.',                                     'Digital Reach',        'Junior',       'Híbrido',      'R$3.500 - R$4.500',   33,  '2024-12-30'),
(13,    'Gerente de Produto',                     'Definir a visão e o roadmap do produto.',                                          'Product Visionaries',  'Senior',       'Remoto',       'R$11.000 - R$13.000', 21,  '2024-12-05'),
(14,    'Analista de Dados',                      'Coletar e interpretar dados para gerar insights.',                                 'Insight Analytics',    'Junior',       'Híbrido',      'R$3.800 - R$5.200',   26,  '2024-12-18'),
(15,    'Consultor de TI',                        'Auxiliar empresas na implementação de soluções tecnológicas.',                     'Tech Advisors',        'Senior',       'Presencial',   'R$7.000 - R$9.000',   19,  '2024-11-28'),
(16,    'Especialista em Banco de Dados',         'Gerenciamento e otimização de bancos de dados.',                                   'Database Masters',     'Senior',       'Híbrido',      'R$8.200 - R$10.200',  14,  '2024-11-20'),
(17,    'Desenvolvedor Full Stack',               'Atuação em todas as camadas de desenvolvimento.',                                  'Full Stack Agency',    'Pleno',        'Remoto',       'R$6.500 - R$8.500',   24,  '2024-12-12'),
(18,    'Pesquisador em Inteligência Artificial', 'Desenvolver e testar algoritmos de IA.',                                           'AI Research Labs',     'Senior',       'Presencial',   'R$10.500 - R$12.500', 16,  '2024-11-22'),
(19,    'Coordenador de Suporte Técnico',         'Gerenciar a equipe de suporte e atendimento ao cliente.',                          'Support Solutions',    'Pleno',        'Híbrido',      'R$5.800 - R$7.800',   31,  '2024-12-28'),
(20,    'Analista de Sistemas',                   'Levantar requisitos e analisar sistemas existentes.',                              'Systems Analysis Inc.','Pleno',        'Presencial',   'R$5.200 - R$7.200',   27,  '2024-12-22'),
(21,    'Engenheiro de Machine Learning',         'Desenvolver e implementar modelos de aprendizado de máquina.',                     'AI Research Labs',     'Senior',       'Remoto',       'R$11.500 - R$13.500', 13,  '2024-11-18'),
(22,    'Analista de Infraestrutura',             'Gerenciar e otimizar a infraestrutura de TI.',                                     'SecureIT',             'Pleno',        'Híbrido',      'R$6.200 - R$8.200',   29,  '2024-12-26'),
(23,    'Desenvolvedor de Jogos',                 'Criar jogos para diferentes plataformas.',                                         'Creative Labs',        'Pleno',        'Presencial',   'R$5.800 - R$7.800',   36,  '2025-01-20'),
(24,    'Consultor em Segurança da Informação',   'Ajudar empresas a implementar políticas de segurança.',                            'SecureIT',             'Senior',       'Remoto',       'R$9.500 - R$11.500',  17,  '2024-11-24'),
(25,    'Desenvolvedor em Cloud Computing',       'Gerenciar serviços e soluções na nuvem.',                                          'Tech Solutions',       'Senior',       'Híbrido',      'R$8.800 - R$10.800',  23,  '2024-12-08'),
(26,    'Redator Técnico',                        'Produzir documentação técnica e manuais.',                                         'LearnTech',            'Junior',       'Remoto',       'R$3.000 - R$4.600',   42,  '2025-02-10'),
(27,    'Especialista em Testes Automatizados',   'Desenvolver e executar testes automatizados.',                                     'Quality First',        'Pleno',        'Presencial',   'R$5.000 - R$7.000',   32,  '2024-12-29'),
(28,    'Analista de SEO',                        'Otimizar conteúdo para mecanismos de busca.',                                      'Digital Reach',        'Junior',       'Híbrido',      'R$2.800 - R$4.200',   38,  '2025-01-25'),
(29,    'Coordenador de Desenv. de Software',     'Supervisionar equipes de desenvolvimento.',                                        'Software Dynamics',    'Senior',       'Presencial',   'R$10.800 - R$12.800', 11,  '2024-11-12'),
(30,    'Estágio em IoT',                         'Desenvolver soluções para dispositivos conectados.',                               'Innovatech',           'Estagiário',   'Híbrido',      'R$1.000 - R$1.400',   50,  '2025-03-01');

-- Inserção controlada na tabela Estuda - cada aluno se inscreve em 5-8 cursos aleatórios
INSERT INTO Estuda (cpf_aluno, nome_curso, data_conclusao, nota)
SELECT DISTINCT
    A.cpf,
    C.nome,
    '2021-01-01'::DATE + (FLOOR(RANDOM() * ('2024-12-31'::DATE - '2021-01-01'::DATE + 1)))::INTEGER AS data_conclusao,
    ROUND((5 + RANDOM() * 5)::NUMERIC, 1) AS nota -- Nota entre 5.0 e 10.0 com uma casa decimal
FROM
    Aluno A
    CROSS JOIN LATERAL (
        SELECT nome
        FROM Curso
        ORDER BY RANDOM()
        LIMIT (5 + FLOOR(RANDOM() * 4))::INTEGER -- Cada aluno estuda entre 5 e 8 cursos
    ) C
ON CONFLICT (cpf_aluno, nome_curso) DO NOTHING; -- Ignora duplicatas caso existam

INSERT INTO Ministra (email_professor, nome_curso) VALUES
('marcossilva@gmail.com',           'Desenvolvimento Web Completo'),
('lucianaalmeida@hotmail.com',      'Introdução ao Desenvolvimento Mobile'),
('carlossantos@gmail.com',          'Data Science com Python'),
('patriciaoliveira@hotmail.com',    'Fundamentos de Inteligência Artificial'),
('robertopereira@gmail.com',        'DevOps para Iniciantes'),
('fernandacosta@hotmail.com',       'UX/UI Design na Prática'),
('anasouza@gmail.com',              'Segurança da Informação'),
('brunorocha@hotmail.com',          'Banco de Dados com SQL'),
('deboranunes@gmail.com',           'Engenharia de Software'),
('felipecardoso@hotmail.com',       'Arquitetura de Software'),
('gabrielamendes@gmail.com',        'Desenvolvimento de Jogos'),
('joaofernandes@hotmail.com',       'Cloud Computing para Iniciantes'),
('camilaribeiro@gmail.com',         'Redes de Computadores'),
('renatocarvalho@hotmail.com',      'Machine Learning com R'),
('isabelamartins@gmail.com',        'Processamento de Dados com Apache Spark'),
('lucasmoreira@hotmail.com',        'Blockchain: Fundamentos e Aplicações'),
('larissabatista@gmail.com',        'Análise de Dados com Excel'),
('paulobarreto@hotmail.com',        'Automação de Testes'),
('vanessasilva@gmail.com',          'Programação para Iniciantes'),
('rodrigomonteiro@hotmail.com',     'Desenvolvimento em Java'),
('marcossilva@gmail.com',           'Python para Automação'),
('lucianaalmeida@hotmail.com',      'Introdução ao Power BI'),
('carlossantos@gmail.com',          'Kubernetes na Prática'),
('patriciaoliveira@hotmail.com',    'Introdução ao Ruby on Rails'),
('robertopereira@gmail.com',        'JavaScript Avançado'),
('fernandacosta@hotmail.com',       'Construção de APIs REST'),
('anasouza@gmail.com',              'Angular Básico'),
('brunorocha@hotmail.com',          'React Native para Mobile'),
('deboranunes@gmail.com',           'Big Data com Hadoop'),
('felipecardoso@hotmail.com',       'Teste de Software na Prática'),
('gabrielamendes@gmail.com',        'Game Development com Unreal Engine'),
('joaofernandes@hotmail.com',       'Introdução ao TypeScript'),
('camilaribeiro@gmail.com',         'Gestão de Produtos Digitais'),
('renatocarvalho@hotmail.com',      'Noções de Docker'),
('isabelamartins@gmail.com',        'Desenvolvimento Backend com Node.js'),
('lucasmoreira@hotmail.com',        'Django para Web'),
('larissabatista@gmail.com',        'Flutter na Prática'),
('paulobarreto@hotmail.com',        'ElasticSearch Básico'),
('vanessasilva@gmail.com',          'Inteligência Artificial com TensorFlow'),
('rodrigomonteiro@hotmail.com',     'Introdução à Ciência de Dados'),
('marcossilva@gmail.com',           'Marketing Digital para Empresas'),
('lucianaalmeida@hotmail.com',      'Excel Avançado'),
('carlossantos@gmail.com',          'PHP para Web'),
('patriciaoliveira@hotmail.com',    'MongoDB na Prática'),
('robertopereira@gmail.com',        'Programação Funcional com Scala'),
('fernandacosta@hotmail.com',       'Introdução ao C#'),
('marcossilva@gmail.com',           'Design Thinking para Inovação'),
('lucianaalmeida@hotmail.com',      'Automação com Shell Script'),
('carlossantos@gmail.com',          'Internet das Coisas (IoT)'),
('patriciaoliveira@hotmail.com',    'Linguagem Go para Backend'),
('robertopereira@gmail.com',        'Sistemas Operacionais na Prática');

-- Inserção controlada na tabela Se_Inscreve - cada aluno se inscreve em 3-10 vagas aleatórias
INSERT INTO Se_Inscreve (cpf_aluno, id_vaga)
SELECT DISTINCT
    A.cpf,
    V.id
FROM
    Aluno A
    CROSS JOIN LATERAL (
        SELECT id
        FROM Vaga
        ORDER BY RANDOM()
        LIMIT (3 + FLOOR(RANDOM() * 8))::INTEGER -- Cada aluno se inscreve em 3 a 10 vagas
    ) V
ON CONFLICT (cpf_aluno, id_vaga) DO NOTHING; -- Ignora duplicatas caso existam

INSERT INTO Habilidade_Vaga (id_vaga, id_habilidade) VALUES
(1,     1),
(1,     2),
(2,     4),
(3,     8),
(4,     5),
(5,     3),
(6,     26),
(7,     55),
(8,     58),
(9,     8),
(10,    3),
(11,    6),
(12,    13),
(13,    58),
(14,    8),
(15,    52),
(16,    59),
(17,    1),
(18,    8),
(19,    8),
(20,    13),
(21,    8),
(21,    42),
(22,    55),
(22,    54),
(23,    35),
(24,    18),
(25,    17),
(25,    28),
(26,    56),
(26,    57),
(27,    5),
(27,    26),
(28,    44),
(29,    26),
(30,    50),
(30,    48);

-- Script para popular a tabela Assiste
-- Insere registros de aulas assistidas baseado nos cursos que cada aluno está estudando

INSERT INTO Assiste (cpf_aluno, nome_aula, data_conclusao)
SELECT DISTINCT
    e.cpf_aluno,
    a.nome,
    -- Gera data de conclusão aleatória entre a data de início dos estudos e a data de conclusão do curso
    (e.data_conclusao - INTERVAL '90 days' +
     (RANDOM() * INTERVAL '90 days'))::DATE as data_conclusao
FROM
    Estuda e
    INNER JOIN Aula a ON e.nome_curso = a.nome_curso
    -- Simula que cada aluno assiste entre 30% e 90% das aulas de cada curso
    CROSS JOIN LATERAL (
        SELECT CASE
            WHEN RANDOM() < (0.3 + RANDOM() * 0.6) THEN 1
            ELSE 0
        END as deve_assistir
    ) simulacao
WHERE
    simulacao.deve_assistir = 1
    -- Garante que a data de conclusão da aula seja anterior ou igual à conclusão do curso
    AND (e.data_conclusao - INTERVAL '90 days' + (RANDOM() * INTERVAL '90 days'))::DATE <= e.data_conclusao;
